CustomerID,CustGender,CustAccountBalance,TransactionDateTime
C1011112,M,18497.43,2016-08-27 16:35:26
C1013150,M,4337.12,2016-09-25 19:27:30
C1013448,M,27818.65,2016-09-12 20:17:35
C1013770,M,590085.0,2016-08-20 11:05:39
C1014092,M,1842.9,2016-08-19 21:19:52
C1015616,M,777.11,2016-09-10 20:48:34
C1016228,M,49402.35,2016-09-09 19:59:54
C1017590,F,20441.12,2016-08-16 14:48:04
C1018936,M,17001.64,2016-09-14 18:27:13
C1019218,M,19504.76,2016-08-13 10:53:45
C1020584,F,14847.13,2016-09-12 14:55:57
C1022588,M,156763.29,2016-09-07 10:47:44
C1022861,M,50428.62,2016-09-10 21:58:25
C1022991,F,16333.48,2016-08-17 20:50:31
C1023885,M,24478.95,2016-09-14 23:11:05
C1025438,M,442.56,2016-09-14 10:03:06
C1026833,M,33193.87,2016-09-06 20:13:08
C1027440,F,11178.97,2016-09-09 11:34:50
C1027630,F,40687.36,2016-08-28 22:57:23
C1028463,M,2330746.03,2016-09-18 14:11:28
C1028540,M,2093332.21,2016-09-10 19:16:49
C1031079,M,27894.4,2016-09-06 23:20:07
C1033711,M,29225.01,2016-09-11 20:20:40
C1034937,M,2253.87,2016-09-14 21:08:28
C1036122,M,64166.72,2016-09-13 17:20:37
C1036336,M,20982.87,2016-09-25 20:09:40
C1038492,M,2817.16,2016-09-09 13:22:13
C1038937,M,337958.85,2016-08-21 12:07:51
C1039823,M,9456.14,2016-09-26 15:08:55
C1041651,M,4856.88,2016-09-12 21:02:13
C1110530,M,841.34,2016-10-21 15:22:48
C1110589,M,23514.41,2016-09-18 15:30:27
C1110852,F,168217.12,2016-09-04 21:05:58
C1112774,M,8764.42,2016-09-02 18:38:11
C1113684,M,214567.77,2016-09-01 11:43:14
C1115218,M,466505.92,2016-09-25 18:43:03
C1115874,M,17.1,2016-09-06 21:39:56
C1117759,M,12768.92,2016-09-26 12:40:08
C1119249,M,6520.75,2016-09-08 16:56:25
C1122374,M,333998.05,2016-09-02 22:36:49
C1123122,M,49961.81,2016-09-14 14:12:04
C1123185,M,29303.07,2016-09-27 18:08:23
C1123381,M,2903.7,2016-09-12 16:39:45
C1124762,M,1014.8,2016-09-08 22:00:48
C1129255,M,3467.76,2016-09-07 10:05:48
C1129438,M,9497.45,2016-09-15 15:41:29
C1129919,M,2860.0,2016-09-06 22:57:12
C1130052,F,34338.75,2016-09-04 20:11:08
C1131076,M,159.31,2016-09-14 20:12:52
C1131421,M,39720.15,2016-09-15 21:21:55
C1132550,M,24537.81,2016-09-14 09:13:06
C1132552,M,113527.43,2016-09-14 12:12:13
C1134173,M,18070.28,2016-09-22 13:42:46
C1136172,M,77354.93,2016-09-11 15:06:21
C1136378,M,7268.84,2016-09-10 10:54:49
C1140685,M,3092.06,2016-09-13 09:55:41
C1141618,F,34506.18,2016-09-11 18:14:17
C1217191,F,36167.85,2016-09-14 13:45:03
C1218068,M,11265.86,2016-09-07 12:03:57
C1221123,M,8896.81,2016-09-27 22:29:08
C1222224,F,20728.26,2016-09-12 14:05:29
C1222230,M,11375.96,2016-09-10 08:53:51
C1223441,M,19398.39,2016-09-26 22:40:48
C1224419,F,6776.12,2016-09-10 19:59:40
C1225066,M,10778.92,2016-09-15 23:21:03
C1225491,M,12821.16,2016-09-09 23:07:00
C1231331,F,1709.98,2016-09-13 17:54:22
C1231491,M,13592.65,2016-09-13 12:03:25
C1231943,M,75289.08,2016-09-10 11:50:46
C1236032,M,106325.35,2016-09-04 17:28:53
C1237283,F,23670.45,2016-09-18 12:14:54
C1237883,M,16377.92,2016-09-01 15:23:57
C1238684,F,12335.92,2016-09-12 21:03:09
C1238948,M,34488.3,2016-09-14 16:03:23
C1239173,M,799274.48,2016-08-27 15:58:00
C1239763,F,596.95,2016-09-08 18:28:33
C1310186,F,13315.44,2016-09-12 14:18:29
C1315336,M,9237.03,2016-08-30 18:07:03
C1315392,F,209.61,2016-09-07 16:31:16
C1315865,M,23457.71,2016-09-04 20:51:15
C1316239,M,51755.16,2016-09-13 14:22:37
C1318042,F,1202.93,2016-09-11 13:02:59
C1318468,F,4938.61,2016-09-11 21:44:25
C1318554,M,2025.49,2016-09-10 19:49:03
C1320312,M,970385.73,2016-09-18 14:27:56
C1323029,M,22916.85,2016-09-11 17:53:55
C1323279,M,6510.76,2016-09-02 07:48:43
C1324324,M,506206.82,2016-08-14 21:54:25
C1324691,M,11709.33,2016-08-28 20:34:03
C1328491,M,1852.02,2016-09-05 15:09:13
C1330735,M,232743.39,2016-09-10 13:31:54
C1333940,M,3076.87,2016-09-12 17:33:13
C1334560,F,44899.72,2016-08-30 21:39:17
C1335713,M,36.17,2016-09-04 10:36:57
C1336073,F,332575.9,2016-09-03 13:12:32
C1336311,F,10492.67,2016-09-05 18:19:24
C1337483,M,2576.61,2016-09-26 22:11:06
C1337662,F,153761.95,2016-09-08 19:24:48
C1410744,M,7478.56,2016-09-09 18:06:57
C1412216,M,15014.34,2016-09-10 14:04:04
C1412657,M,19.15,2016-08-28 13:27:44
C1413587,M,334906.67,2016-09-14 14:26:32
C1413845,F,35264.81,2016-09-15 19:39:15
C1415649,M,113531.41,2016-09-23 20:43:57
C1417387,M,18655.92,2016-09-13 17:17:23
C1417722,M,21255.48,2016-09-25 20:29:49
C1417851,M,565061.37,2016-09-15 07:49:14
C1418821,M,5393.9,2016-09-08 20:26:44
C1418941,M,0.0,2016-09-26 20:21:27
C1420159,M,100672.26,2016-09-15 22:44:38
C1422287,M,1948.13,2016-09-13 11:22:56
C1422931,M,5839.86,2016-09-08 22:38:40
C1429850,M,7.01,2016-09-13 18:53:39
C1430466,F,13343.55,2016-09-09 10:00:47
C1431618,F,48949.8,2016-09-26 21:53:34
C1434659,F,288700.72,2016-09-14 11:10:22
C1434678,M,8681.41,2016-09-18 19:13:51
C1438076,M,1558.17,2016-09-10 04:49:33
C1438091,F,23475.77,2016-09-18 16:20:29
C1440911,F,1607.43,2016-09-08 17:22:18
C1442336,M,10031.68,2016-08-16 20:27:03
C1510917,M,13524.14,2016-09-04 18:20:31
C1511820,M,66131.05,2016-09-11 12:40:30
C1513171,M,39513.66,2016-08-31 17:09:03
C1515158,M,71.84,2016-09-14 12:58:01
C1520554,M,2.25,2016-09-04 07:59:48
C1520665,M,42221.39,2016-09-04 21:06:33
C1521588,M,12200.63,2016-09-09 15:11:40
C1522855,M,12064.16,2016-09-06 14:17:38
C1525085,M,14214.67,2016-09-15 03:11:20
C1525162,M,16003.61,2016-09-06 19:38:39
C1530129,M,448.01,2016-09-15 14:12:47
C1531362,F,13123.38,2016-09-26 23:50:11
C1533067,M,2559.33,2016-10-21 21:12:37
C1533452,F,184873.61,2016-09-18 19:28:19
C1533638,F,3221.63,2016-09-13 20:13:57
C1539855,F,12700.0,2016-09-18 13:24:06
C1541363,M,6633.25,2016-09-01 08:02:09
C1611691,F,193661.08,2016-09-26 20:18:56
C1613577,M,110.19,2016-08-29 10:05:36
C1615328,F,137.75,2016-08-25 18:40:17
C1616236,M,7018.83,2016-09-07 20:45:43
C1619643,F,58152.12,2016-09-11 08:05:26
C1619776,F,104183.84,2016-09-01 19:52:58
C1619852,M,10350.53,2016-09-10 19:44:39
C1621015,M,12306.73,2016-09-27 15:20:07
C1621541,M,74957.09,2016-08-24 22:00:04
C1621560,M,24920.67,2016-09-26 15:08:33
C1623832,F,21145.83,2016-09-18 17:48:29
C1623947,M,14408.19,2016-09-13 19:02:47
C1623972,M,434681.96,2016-09-11 20:56:11
C1624256,M,42918.44,2016-09-14 12:59:35
C1624319,F,160.98,2016-09-02 11:20:40
C1625247,M,22771.72,2016-09-12 16:58:59
C1625839,M,13829.08,2016-08-31 22:04:39
C1626155,M,23985.4,2016-09-15 14:41:04
C1629235,M,27896.49,2016-08-19 19:04:20
C1629287,M,14523.43,2016-09-18 10:29:05
C1629981,F,16897.95,2016-09-08 14:04:56
C1630643,F,5713.62,2016-09-15 20:25:52
C1632166,F,127588.59,2016-08-27 16:58:25
C1632429,M,30455.92,2016-08-28 16:32:01
C1632611,M,58804.68,2016-09-14 18:15:37
C1633388,M,3309.1,2016-08-27 11:03:46
C1635419,M,86575.26,2016-09-14 16:18:29
C1637378,F,41351.02,2016-09-15 16:53:24
C1638870,M,4886.68,2016-09-18 10:31:31
C1641345,F,87881.77,2016-09-22 09:34:54
C1641857,F,46245.41,2016-09-18 17:43:19
C1713571,M,35797.71,2016-09-05 17:06:56
C1715477,F,24954.58,2016-10-21 15:33:06
C1716763,M,198.74,2016-09-15 23:14:49
C1717253,M,4805.97,2016-09-25 23:42:13
C1719440,M,27919.99,2016-09-05 15:06:06
C1720621,F,79663.63,2016-08-26 11:15:40
C1720730,M,27324.25,2016-09-07 15:53:44
C1722890,F,10521.96,2016-09-18 11:43:09
C1722955,M,9506.85,2016-09-04 09:57:39
C1723620,M,15408.02,2016-09-13 18:09:53
C1725019,F,12527.19,2016-09-26 19:48:33
C1725246,M,19513.38,2016-09-27 18:55:05
C1726844,M,23400.14,2016-09-11 07:57:09
C1728215,F,9511.76,2016-09-12 20:01:13
C1731624,M,16306.27,2016-09-11 14:50:20
C1732744,M,193.37,2016-08-24 23:16:26
C1734592,F,57574.45,2016-09-11 15:32:46
C1735141,M,8448.12,2016-09-06 15:42:16
C1736254,F,5451.42,2016-08-29 18:27:47
C1810279,M,34905.27,2016-10-21 20:32:34
C1812724,M,13859.99,2016-09-02 21:19:51
C1813117,M,47436.19,2016-09-08 18:21:31
C1817146,M,1387.07,2016-09-26 06:20:01
C1817368,M,1966308.52,2016-09-15 20:10:09
C1821717,M,784.32,2016-09-11 17:55:30
C1822532,M,14915.99,2016-09-10 18:54:43
C1824341,F,11413.29,2016-09-15 15:39:22
C1826513,F,94993.06,2016-09-03 13:42:56
C1828020,M,51704.84,2016-08-23 21:13:51
C1831114,F,2184.31,2016-09-11 08:43:13
C1832368,M,4019.21,2016-09-15 16:35:52
C1832714,M,14692.83,2016-09-18 17:43:43
C1832814,M,5157.07,2016-09-14 22:03:33
C1833967,M,32140.74,2016-08-25 11:27:00
C1834154,M,19490.49,2016-08-26 17:14:40
C1836978,M,459815.84,2016-09-26 15:58:47
C1840062,M,2173.72,2016-08-19 18:16:00
C1840124,F,36465.7,2016-09-10 13:35:02
C1910574,F,105.81,2016-09-11 19:55:55
C1910936,F,39432.3,2016-09-14 14:32:34
C1911251,F,13302.36,2016-09-22 16:58:42
C1911589,M,5423.78,2016-09-06 10:40:25
C1911820,M,0.49,2016-08-31 12:18:28
C1911848,F,69429.94,2016-09-06 12:14:30
C1912318,M,216.02,2016-09-15 19:15:47
C1913079,M,2505.62,2016-09-11 21:34:13
C1915032,M,5013.87,2016-09-22 13:45:48
C1916432,F,1628.63,2016-09-05 17:24:52
C1919449,F,14902.98,2016-09-13 13:08:30
C1921956,M,709319.26,2016-09-14 14:24:58
C1924711,M,7861.9,2016-09-15 15:40:14
C1927516,M,3232.83,2016-09-13 21:33:48
C1927588,M,1.62,2016-09-25 22:42:06
C1928065,F,195951.02,2016-09-04 11:07:23
C1929567,M,227.09,2016-09-01 22:14:24
C1930341,F,47366.56,2016-09-13 17:44:01
C1932230,M,91.66,2016-09-12 16:31:00
C1933416,M,181600.42,2016-09-15 16:23:58
C1934622,M,535.44,2016-08-31 18:46:42
C1935656,M,0.88,2016-09-22 05:32:44
C1936325,M,8594.51,2016-09-10 11:41:54
C1937682,M,26769.78,2016-08-20 16:15:15
C1940124,M,30861.81,2016-09-03 21:57:19
C1940933,F,2545.5,2016-09-09 08:43:09
C1941073,F,5271.99,2016-09-25 20:38:50
C1941520,F,5958.4,2016-09-15 20:49:02
C2013544,M,142603.79,2016-09-18 10:09:33
C2018561,M,4344.05,2016-09-09 20:39:08
C2019545,F,24275.51,2016-09-08 13:59:03
C2019752,M,11631.51,2016-09-13 23:38:21
C2022821,M,7616.3,2016-09-12 18:33:41
C2023380,F,11434.09,2016-10-21 17:07:21
C2023589,M,4573.05,2016-09-11 18:00:23
C2025371,F,1091586.83,2016-09-10 20:51:10
C2027615,M,0.0,2016-08-27 18:31:17
C2027885,M,7691.08,2016-09-15 19:41:17
C2027925,M,316850.76,2016-09-25 20:17:42
C2028611,F,796.41,2016-09-09 22:26:03
C2028774,F,576871.54,2016-09-09 21:40:29
C2028924,F,646.44,2016-08-18 11:58:54
C2032725,M,2809.43,2016-09-11 10:55:21
C2033131,M,4572.07,2016-08-27 23:12:36
C2034340,M,420379.48,2016-09-22 12:15:41
C2035967,F,8037.76,2016-09-08 21:09:27
C2037184,M,61233.68,2016-09-30 20:44:51
C2110323,M,17705.19,2016-09-07 12:04:01
C2110669,M,16183.88,2016-09-18 03:57:59
C2112582,M,66672.56,2016-09-02 20:57:33
C2113552,M,110.19,2016-09-07 08:17:36
C2116579,M,16667.84,2016-09-13 20:27:06
C2118480,M,9475.46,2016-09-25 20:28:28
C2121339,M,2880.8,2016-08-22 20:04:27
C2122871,M,28096.58,2016-08-24 22:07:01
C2124156,M,68837.91,2016-09-11 17:29:42
C2126625,F,7693.8,2016-09-26 22:26:27
C2126858,F,233270.63,2016-08-26 19:06:37
C2128665,M,96.65,2016-09-10 15:37:02
C2130773,M,100498.3,2016-09-10 12:20:14
C2133673,M,7010.46,2016-09-18 14:24:19
C2134513,M,52076.19,2016-09-15 08:26:22
C2135657,M,160391.25,2016-09-03 14:10:24
C2135734,M,33926.17,2016-09-10 20:26:43
C2139974,M,70.26,2016-09-12 10:43:49
C2141582,F,1407.94,2016-09-26 22:11:45
C2210184,F,3601.66,2016-09-12 22:44:13
C2210833,F,12516.05,2016-09-15 12:34:53
C2212259,F,5347.5,2016-09-07 12:05:05
C2213154,F,615833.32,2016-09-08 17:49:34
C2213571,M,110.19,2016-09-10 15:25:00
C2217235,M,7132.5,2016-08-28 16:11:24
C2217662,F,28097.87,2016-08-20 22:52:11
C2217749,M,89490.9,2016-09-11 13:42:51
C2219228,M,17889.81,2016-09-27 16:50:05
C2222346,M,452.89,2016-09-07 11:46:10
C2223023,M,12538.15,2016-08-30 14:12:01
C2223150,M,22593.45,2016-09-11 20:58:02
C2223172,M,41682.37,2016-09-27 17:46:17
C2223456,M,27832.09,2016-09-05 21:06:55
C2224547,M,46097.2,2016-09-03 17:41:22
C2224945,M,416.27,2016-09-01 10:01:34
C2229939,M,4480.68,2016-09-10 13:36:18
C2234729,F,49174.53,2016-09-09 16:30:47
C2234779,M,45124.52,2016-09-04 13:58:01
C2235053,F,46845.09,2016-09-27 18:12:09
C2235655,M,24.44,2016-09-03 20:53:10
C2235889,M,291184.24,2016-08-28 11:13:12
C2236819,M,14753.42,2016-09-08 21:37:23
C2237461,M,90068.74,2016-09-04 13:26:47
C2240514,M,11536.05,2016-09-13 20:18:59
C2310326,M,15677.31,2016-08-18 10:53:42
C2313161,F,1683.97,2016-09-26 18:35:45
C2314692,M,31113.6,2016-09-03 17:06:25
C2316930,M,182757.74,2016-09-07 15:27:49
C2319047,M,3133.48,2016-09-06 23:04:06
C2321545,F,14051.6,2016-08-21 18:38:28
C2322763,F,28951.72,2016-09-11 14:48:16
C2323455,M,15785.27,2016-09-14 09:44:19
C2323882,M,29650.64,2016-09-07 21:09:34
C2324613,F,359354.05,2016-08-18 10:52:49
C2325390,M,7175.11,2016-09-01 14:20:36
C2326469,M,8762.19,2016-09-12 15:30:35
C2327744,F,35416.19,2016-08-31 18:53:20
C2328026,M,38506.22,2016-09-04 20:06:17
C2330350,M,29646.41,2016-09-09 08:38:44
C2331787,M,21.77,2016-09-01 12:18:49
C2332157,M,1938.97,2016-09-23 12:29:59
C2335454,M,317741.59,2016-09-27 20:27:10
C2336014,M,427564.44,2016-09-14 15:24:10
C2336223,M,198166.44,2016-09-14 11:31:07
C2337123,M,102884.27,2016-09-13 13:48:42
C2339585,M,246259.39,2016-09-22 13:08:48
C2340524,F,245686.5,2016-09-04 15:39:15
C2410514,M,28782.75,2016-09-27 18:56:54
C2414013,M,4794.18,2016-09-27 22:56:43
C2414412,M,641.88,2016-09-06 10:50:45
C2414670,F,14477.97,2016-08-22 18:22:08
C2415255,M,14137.17,2016-09-01 22:14:38
C2415578,M,713553.66,2016-09-26 22:56:07
C2417223,M,4539.03,2016-09-08 11:33:24
C2418861,M,64892.97,2016-09-02 23:47:04
C2418971,M,54670.76,2016-09-05 15:39:49
C2421389,M,12946.8,2016-09-14 19:17:14
C2421991,F,2808.51,2016-08-22 19:15:04
C2423946,M,395.37,2016-09-18 13:48:22
C2425214,M,555.79,2016-09-01 14:11:17
C2425243,M,39210.02,2016-09-04 18:45:05
C2425572,M,34.04,2016-09-26 20:00:27
C2425665,M,110.96,2016-09-14 20:53:16
C2426473,M,1088.59,2016-09-05 17:59:59
C2427513,M,161238.96,2016-09-10 22:23:18
C2428424,M,19075.49,2016-09-02 11:34:23
C2428560,M,13384.54,2016-09-10 13:48:36
C2430927,M,19479.19,2016-09-09 20:20:52
C2431171,M,2489.53,2016-09-01 21:13:03
C2431614,M,1386.9,2016-09-05 13:01:58
C2435228,M,7782.24,2016-09-30 20:21:02
C2435390,F,39191.44,2016-09-08 20:02:56
C2435619,M,12520.08,2016-09-18 13:04:58
C2436066,M,36203.69,2016-09-11 15:45:29
C2438040,M,61886.61,2016-09-07 13:56:23
C2438972,M,33952.65,2016-09-14 20:57:58
C2439181,M,3896.36,2016-09-18 19:58:14
C2439247,F,24044.02,2016-08-27 20:05:37
C2439825,M,34065.17,2016-09-11 15:21:34
C2510038,M,4460.02,2016-09-10 17:01:42
C2510352,M,53603.4,2016-09-12 10:28:36
C2513434,M,10233.42,2016-09-09 21:40:08
C2514546,M,97797.91,2016-08-31 17:53:25
C2518014,M,783832.19,2016-09-11 16:19:58
C2518636,M,230079.02,2016-09-06 19:28:46
C2520287,M,652.8,2016-09-02 12:45:32
C2520314,M,6241.32,2016-09-27 17:51:29
C2521329,M,617.68,2016-09-04 11:35:24
C2522343,M,2494.83,2016-08-28 12:02:55
C2527616,M,3922.51,2016-09-12 14:03:09
C2527891,M,11587.17,2016-09-13 08:21:28
C2528741,M,48.78,2016-09-10 12:10:45
C2530566,M,7.99,2016-08-27 12:30:33
C2532230,M,307208.2,2016-09-10 17:05:46
C2532653,F,14966.84,2016-09-07 21:01:11
C2534758,M,13432.07,2016-09-02 16:24:08
C2536876,M,18706.74,2016-09-08 20:56:27
C2537475,M,4186.51,2016-09-05 22:12:53
C2611265,M,5023.55,2016-09-15 23:43:03
C2611718,M,255217.87,2016-08-30 22:15:18
C2612040,M,33166.69,2016-09-02 15:08:34
C2612290,M,1236.14,2016-09-18 16:45:41
C2612570,M,6535.24,2016-08-30 19:51:52
C2612733,M,2849.33,2016-09-25 21:22:39
C2612736,F,19420.99,2016-09-03 18:45:58
C2613491,F,58608.95,2016-09-15 12:37:31
C2615148,M,1031.52,2016-09-13 20:51:08
C2615922,M,24862.32,2016-09-10 12:10:02
C2617449,M,130053.9,2016-09-22 11:52:16
C2618516,F,8957.51,2016-09-13 19:44:13
C2618678,M,7468.45,2016-09-22 14:10:27
C2618967,M,87763.45,2016-09-08 21:21:12
C2619090,M,46266.57,2016-08-31 09:23:18
C2619755,M,1386.75,2016-09-13 20:18:29
C2620414,M,764.4,2016-09-02 20:50:52
C2624615,M,37464.92,2016-09-27 19:28:00
C2626113,F,8998.8,2016-09-14 15:15:28
C2628677,M,5310.32,2016-09-06 14:45:36
C2632655,F,37514.41,2016-09-08 20:59:50
C2634419,F,6388.02,2016-09-27 16:58:23
C2638829,F,2468930.52,2016-09-07 21:58:00
C2638835,M,13310.51,2016-08-21 18:37:14
C2639348,M,702.46,2016-09-01 14:08:34
C2639738,M,1445469.19,2016-09-05 15:03:22
C2640058,M,375437.84,2016-08-26 09:08:42
C2641751,M,26600.13,2016-09-11 07:55:28
C2710134,M,1446.03,2016-09-05 15:14:34
C2710468,M,25.16,2016-08-15 17:02:07
C2712545,M,28856.25,2016-09-12 19:11:09
C2714149,F,5686.74,2016-09-05 15:41:03
C2717526,M,88908.09,2016-09-06 12:17:25
C2718732,M,11815.51,2016-09-09 17:34:13
C2723019,F,39976.28,2016-09-08 22:56:58
C2723757,M,274.96,2016-09-09 03:07:39
C2727073,M,2237.3,2016-09-12 14:00:02
C2727784,M,37559.2,2016-08-29 13:53:39
C2730015,M,9395.74,2016-09-11 17:56:01
C2730947,M,8609.16,2016-09-30 20:28:15
C2732192,M,4304.35,2016-08-17 19:59:26
C2732236,M,184.34,2016-09-11 19:04:23
C2732644,F,4261.27,2016-09-15 07:20:22
C2733847,M,2787.66,2016-09-12 22:19:46
C2734269,M,3969.29,2016-09-30 13:05:15
C2734281,M,10584.83,2016-09-02 19:38:25
C2735827,M,26782.11,2016-09-10 17:11:11
C2737466,M,487.84,2016-09-15 11:50:51
C2737526,M,16542.31,2016-09-05 09:33:56
C2810823,M,102191.69,2016-09-27 17:15:39
C2811576,M,108862.23,2016-09-14 14:48:50
C2813968,M,16625.4,2016-09-13 12:22:45
C2817562,M,5547.45,2016-09-15 10:30:50
C2818153,M,130959.63,2016-09-07 17:04:26
C2818670,F,1974.38,2016-09-10 17:32:36
C2818887,F,104405.16,2016-09-13 14:16:01
C2819332,M,29.25,2016-09-07 21:13:17
C2819828,F,10106.47,2016-09-13 21:36:25
C2820445,M,18273.87,2016-09-11 18:20:38
C2820957,M,941841.92,2016-09-26 13:33:16
C2824173,M,793.39,2016-09-12 16:02:20
C2824691,M,12741.28,2016-08-27 14:45:33
C2826963,M,2054.48,2016-09-18 13:14:43
C2829827,M,46317.18,2016-09-11 09:44:08
C2830089,M,53177.81,2016-09-11 20:52:09
C2831649,M,50915.43,2016-09-09 12:03:04
C2833541,M,19713.03,2016-09-25 21:20:03
C2835652,M,20776.39,2016-09-30 15:39:29
C2836224,M,3979.79,2016-09-11 21:08:55
C2836559,M,2939.0,2016-08-30 23:36:19
C2838064,M,66684.18,2016-09-25 20:12:32
C2838074,M,1522.49,2016-09-15 05:09:45
C2838743,M,1493702.18,2016-09-14 20:25:19
C2839078,F,22115.33,2016-09-14 14:39:58
C2841665,F,32493.31,2016-09-04 20:54:51
C2910363,M,2199.71,2016-09-18 14:44:29
C2910390,F,3299.01,2016-09-23 20:19:37
C2911249,F,32018.74,2016-09-12 14:16:17
C2913776,M,69630.43,2016-09-01 21:23:59
C2914559,M,325.83,2016-09-04 10:24:45
C2915746,M,4012.62,2016-09-14 13:23:51
C2916650,F,26780.89,2016-09-09 14:00:46
C2916662,F,8861.24,2016-09-09 14:44:40
C2917369,M,91977.95,2016-09-13 18:38:17
C2919015,M,11835.47,2016-09-08 22:59:29
C2919084,M,80.03,2016-09-08 19:20:10
C2921587,M,13374.24,2016-09-09 09:01:09
C2923274,M,0.0,2016-09-09 22:43:56
C2923336,M,13715.66,2016-09-09 14:09:19
C2923951,M,89.73,2016-08-28 17:16:10
C2924955,F,36221.63,2016-09-11 13:02:02
C2925688,M,2516.82,2016-09-14 18:43:40
C2926346,M,10875.61,2016-09-02 23:59:40
C2926777,M,275062.79,2016-09-08 15:02:03
C2926825,M,37110.26,2016-09-04 20:39:49
C2927039,M,7557.59,2016-09-26 20:06:30
C2927636,M,351135.81,2016-09-07 23:13:18
C2927851,F,3225.3,2016-09-10 22:31:46
C2929055,M,4411.8,2016-08-30 22:45:58
C2930080,F,171179.15,2016-09-13 17:16:04
C2930892,M,7544.37,2016-08-31 22:48:19
C2931817,M,39155.36,2016-09-06 13:00:13
C2936370,M,245.94,2016-09-12 20:00:09
C2941063,M,9188.46,2016-09-10 13:59:08
C2941492,M,10489.1,2016-09-07 04:47:52
C3011582,M,4273.13,2016-09-26 17:29:13
C3014256,F,69194.53,2016-09-11 07:24:25
C3014758,M,83746.83,2016-09-26 18:37:29
C3018070,M,40356.54,2016-09-13 14:59:17
C3018232,M,201994.18,2016-09-04 20:01:26
C3021161,F,31627.73,2016-09-10 19:32:25
C3021167,M,237609.53,2016-08-24 17:54:56
C3021446,M,1275.3,2016-09-04 16:51:19
C3021653,M,315346.9,2016-09-26 21:06:41
C3021983,M,95331.39,2016-09-10 13:05:45
C3022285,M,11375.96,2016-09-11 21:14:04
C3028417,M,15435.54,2016-09-07 19:59:06
C3032241,M,12298.09,2016-08-29 12:12:29
C3037921,F,27233.36,2016-09-03 13:00:05
C3040576,F,245686.5,2016-09-18 19:00:25
C3040655,M,744299.01,2016-09-25 22:51:58
C3041843,M,8.75,2016-09-14 18:05:12
C3110651,M,49704.85,2016-09-09 13:06:00
C3110653,M,249108.86,2016-09-26 16:33:04
C3110688,F,51102.15,2016-09-10 20:45:44
C3111381,M,12269.1,2016-09-13 17:29:31
C3112464,M,37129.68,2016-08-26 21:30:28
C3113853,M,2925.78,2016-09-03 22:45:30
C3114022,M,25224.59,2016-09-01 19:57:10
C3114132,M,173628.47,2016-09-15 14:18:21
C3117188,M,8624.41,2016-09-14 19:20:18
C3120246,M,8024.13,2016-09-26 15:22:22
C3121734,M,27194.62,2016-09-18 16:48:33
C3123765,M,43075.24,2016-09-14 10:59:43
C3124624,F,25373.35,2016-09-09 14:45:13
C3129455,M,33629.69,2016-09-11 21:11:34
C3129464,M,8.93,2016-09-22 13:03:38
C3130818,M,4462.65,2016-09-12 18:46:03
C3131745,F,56323.33,2016-08-26 13:25:47
C3131839,M,67565.03,2016-09-08 17:05:23
C3132036,F,36925.54,2016-09-07 20:34:30
C3132465,M,204911.85,2016-08-23 18:24:27
C3135622,M,133206.25,2016-09-07 09:40:33
C3136232,M,5.19,2016-09-12 10:45:20
C3139931,M,6106.07,2016-09-10 19:26:14
C3140488,M,169.71,2016-09-10 17:42:23
C3141128,F,26930.55,2016-09-04 20:51:55
C3213565,M,14718.18,2016-09-08 09:19:46
C3213833,F,136.98,2016-09-25 20:35:01
C3213850,M,12542.22,2016-09-07 12:06:59
C3214042,M,17153.54,2016-09-02 16:36:42
C3214628,M,25283.07,2016-08-28 10:52:31
C3215425,M,108715.63,2016-09-05 16:05:19
C3215924,M,34183.47,2016-09-04 23:13:52
C3216192,M,7573.9,2016-09-27 12:12:09
C3216343,M,131416.46,2016-09-22 10:32:24
C3218560,M,989.61,2016-09-06 15:25:40
C3219317,M,10288.47,2016-09-10 21:22:31
C3221521,M,97.14,2016-09-11 19:22:25
C3222875,M,3782.67,2016-09-15 22:55:07
C3223266,M,40625.15,2016-08-18 12:14:44
C3223940,F,20016.6,2016-09-11 12:01:01
C3224933,M,179556.95,2016-08-30 23:02:20
C3226345,M,1104.76,2016-09-08 03:44:09
C3226689,M,96820.46,2016-09-30 14:50:16
C3230353,M,3534.35,2016-09-13 19:30:40
C3230987,M,6905.59,2016-09-26 19:36:04
C3236691,F,27578.78,2016-09-18 17:09:21
C3237417,M,1989.83,2016-08-14 08:22:49
C3237570,M,19467.32,2016-09-22 09:59:49
C3238555,M,61499.26,2016-09-05 11:36:34
C3240751,M,148431.41,2016-09-25 21:41:23
C3310178,M,192889.18,2016-09-15 20:01:30
C3310566,F,66291.59,2016-09-25 21:51:00
C3312831,F,412202.94,2016-09-13 22:01:43
C3312958,M,84950.13,2016-08-31 16:17:02
C3314292,M,10892.02,2016-09-08 13:46:30
C3314838,M,76989.87,2016-09-13 13:32:04
C3317128,M,41434.38,2016-09-22 12:09:26
C3319336,M,29569.94,2016-09-12 22:50:33
C3319391,F,6429.06,2016-08-30 20:24:48
C3320071,F,5882.21,2016-09-11 22:27:38
C3324926,M,746091.14,2016-08-28 19:12:14
C3327920,M,7873.85,2016-09-12 16:26:18
C3328274,M,6.42,2016-09-13 11:05:42
C3328755,M,12944.85,2016-09-03 15:06:48
C3328818,M,24228.94,2016-09-25 21:47:54
C3329261,M,307308.73,2016-09-10 03:09:01
C3330970,M,17431.25,2016-09-08 13:43:13
C3332133,M,1887.16,2016-09-25 23:20:58
C3333319,M,215265.57,2016-09-05 06:05:27
C3335353,M,48208.77,2016-09-09 20:59:29
C3335742,M,11446.19,2016-09-10 20:02:37
C3337111,M,9395.02,2016-09-08 19:32:52
C3337289,F,62538.16,2016-09-10 18:03:39
C3337968,F,517472.18,2016-09-13 10:55:33
C3339628,F,126005.89,2016-09-25 21:06:31
C3339838,M,3838.57,2016-09-01 02:43:00
C3340318,M,61.33,2016-09-09 12:13:11
C3341040,M,14955.92,2016-09-03 21:08:10
C3341926,M,19463.99,2016-08-28 13:03:54
C3410052,M,144.57,2016-09-23 12:53:38
C3411189,F,526083.13,2016-08-25 10:10:14
C3412019,M,41786.69,2016-09-14 20:44:40
C3413772,M,32017.17,2016-09-13 12:54:28
C3414060,F,213070.86,2016-09-13 21:35:56
C3415749,M,237294.33,2016-08-28 20:20:30
C3417135,M,6882.54,2016-09-09 18:55:20
C3417511,F,1581957.04,2016-09-13 20:44:46
C3417816,F,2584.88,2016-09-06 15:56:01
C3417934,F,12975.55,2016-08-21 15:43:50
C3418025,M,20174.95,2016-08-30 21:26:26
C3418564,M,6176.78,2016-09-11 23:33:19
C3418820,M,36.96,2016-08-22 21:58:43
C3420814,F,14.04,2016-09-03 23:43:30
C3421788,M,27258.29,2016-09-03 19:43:37
C3422625,F,201.9,2016-09-18 17:20:52
C3422976,M,38266.4,2016-09-02 16:28:17
C3423044,F,14915.03,2016-09-26 13:55:12
C3423054,M,713179.83,2016-09-15 09:16:31
C3424635,F,38829.62,2016-09-08 19:51:48
C3428959,M,65525.15,2016-09-11 18:56:22
C3430872,M,109855.96,2016-09-09 20:59:07
C3431378,F,2577.38,2016-09-10 17:37:56
C3433115,M,22004.19,2016-09-07 18:33:15
C3433366,M,11342.78,2016-09-26 21:24:42
C3433447,F,185224.55,2016-09-15 14:11:39
C3434991,M,5531.16,2016-08-24 18:57:41
C3436049,F,126379.34,2016-09-18 12:38:13
C3436076,M,39.92,2016-08-22 12:42:20
C3439923,M,26.36,2016-09-25 20:23:14
C3440676,M,4318.33,2016-09-23 20:32:48
C3510087,F,2399.7,2016-09-15 13:06:07
C3511271,F,4470.15,2016-09-05 10:26:44
C3512852,M,2745.92,2016-09-12 20:05:49
C3515051,M,8860.69,2016-09-09 21:19:22
C3515224,M,1427.06,2016-09-11 08:04:39
C3518323,F,34809.39,2016-09-12 23:00:47
C3521330,M,13206.07,2016-09-10 17:38:56
C3522111,M,8880.7,2016-09-13 06:24:38
C3522378,M,216233.44,2016-09-22 09:04:55
C3523474,M,54263.93,2016-09-18 18:49:09
C3523572,M,11.27,2016-09-27 20:10:39
C3523577,F,6277.55,2016-09-07 22:31:45
C3524258,M,87418.44,2016-09-15 17:05:42
C3524976,M,22757.79,2016-09-25 14:45:37
C3526453,M,6878.53,2016-09-14 12:09:02
C3528755,M,9462.34,2016-09-13 14:44:49
C3528789,M,34069.83,2016-09-06 09:51:58
C3529161,F,27173.62,2016-09-25 22:09:38
C3530315,M,45621.71,2016-09-26 23:26:07
C3531221,M,19630.56,2016-09-12 19:36:44
C3532148,M,64914.66,2016-09-22 12:52:07
C3535014,M,68971.92,2016-09-12 17:33:32
C3535283,M,51027.49,2016-09-12 14:03:37
C3535789,M,27500.53,2016-09-06 20:55:13
C3535822,F,14.45,2016-09-10 12:22:33
C3536091,M,38307.17,2016-09-05 14:00:41
C3540853,M,8918.1,2016-08-26 16:50:36
C3540911,F,4653465.55,2016-08-27 22:09:00
C3541555,M,5809.2,2016-09-10 13:57:28
C3610583,F,455052.2,2016-09-26 15:31:05
C3613411,F,202175.44,2016-08-13 17:51:45
C3615341,M,78.84,2016-09-25 22:02:59
C3617179,M,192359.85,2016-09-27 19:32:08
C3617685,F,5640.64,2016-08-26 20:37:01
C3620344,M,54412.71,2016-09-27 19:31:16
C3620772,M,120072.41,2016-08-25 18:20:34
C3621050,M,113301.81,2016-09-11 11:17:07
C3621751,M,792.85,2016-09-13 19:07:22
C3621973,M,2443.86,2016-09-10 08:36:11
C3624225,M,32773.98,2016-09-09 17:16:19
C3624316,M,48593.94,2016-09-13 19:50:41
C3624642,M,339611.68,2016-09-13 18:35:30
C3624666,M,13638.99,2016-09-26 21:55:34
C3626031,F,1137.68,2016-09-15 09:31:29
C3628033,M,32231.89,2016-09-03 20:05:12
C3630080,M,458793.23,2016-09-09 21:01:36
C3630339,M,21353.55,2016-09-02 18:22:36
C3632417,M,58666.31,2016-08-31 18:03:42
C3636761,M,8241.63,2016-09-11 16:28:21
C3637543,M,12044.07,2016-09-18 16:27:34
C3638492,M,39372.32,2016-09-25 20:17:58
C3639024,F,38306.01,2016-09-07 13:18:22
C3640725,M,52360.36,2016-09-13 21:55:21
C3641934,M,89999.88,2016-10-21 20:53:54
C3642667,F,23658.07,2016-09-03 20:51:00
C3710948,M,11564.34,2016-08-24 21:07:49
C3714744,M,9744.29,2016-09-11 20:08:27
C3715128,M,713587.9,2016-08-23 21:02:43
C3719643,M,25525.44,2016-08-22 08:27:04
C3721924,M,1195.89,2016-09-07 13:54:20
C3723021,M,32485.25,2016-09-09 19:53:11
C3723951,F,42359.35,2016-09-14 14:00:37
C3724687,M,10570.35,2016-09-25 22:58:50
C3726475,M,8762.19,2016-09-09 21:53:02
C3726683,F,9478.56,2016-09-11 20:27:49
C3727049,M,13150.59,2016-09-25 20:48:10
C3727633,M,29631.63,2016-09-13 07:37:16
C3728675,F,16022.64,2016-09-14 18:11:21
C3728718,F,383.49,2016-09-18 18:53:43
C3729139,M,11710.16,2016-09-09 19:37:00
C3729655,F,100423.05,2016-09-27 19:36:03
C3730967,F,39713.93,2016-08-20 15:47:33
C3731386,F,762.61,2016-09-14 18:32:15
C3735149,F,23257.63,2016-09-06 17:18:04
C3737056,M,14210.74,2016-08-30 20:33:01
C3737412,M,40572.58,2016-09-07 06:09:13
C3739345,M,13583.57,2016-09-13 12:12:16
C3741055,F,4828.81,2016-08-26 04:06:09
C3741669,F,5463.29,2016-09-14 03:33:46
C3810411,M,17466.71,2016-08-17 09:56:09
C3811723,M,2264.27,2016-09-15 09:00:24
C3812252,F,26389.78,2016-09-10 21:33:09
C3815625,M,529744.8,2016-09-05 12:07:09
C3815979,M,221248.34,2016-08-31 15:00:53
C3816282,M,1368.03,2016-08-20 19:17:25
C3816382,M,9800.21,2016-09-18 12:02:24
C3816542,M,18443.71,2016-09-08 21:42:26
C3816817,M,17185.11,2016-08-27 19:58:21
C3817187,M,9741.82,2016-09-10 09:05:21
C3818067,F,3736.7,2016-09-14 09:42:16
C3819864,M,6862.59,2016-09-27 19:30:38
C3820077,M,17262.94,2016-09-08 17:44:23
C3820652,M,40.1,2016-09-13 13:52:14
C3822929,F,68967.85,2016-08-27 18:54:22
C3823850,M,34049.37,2016-08-20 16:21:45
C3827964,F,610137.51,2016-08-15 20:01:39
C3828856,M,206548.99,2016-09-15 20:50:11
C3828984,M,51805.42,2016-09-14 10:21:57
C3829822,F,2918.45,2016-09-05 13:55:39
C3830481,M,26.76,2016-09-13 22:37:49
C3831286,M,921.12,2016-09-08 17:04:13
C3831869,F,20434.31,2016-09-03 12:21:05
C3833174,M,83819.48,2016-09-11 15:35:32
C3833916,M,16969.32,2016-09-10 13:02:19
C3835179,M,49214.31,2016-09-02 16:07:35
C3836023,M,5604.99,2016-09-22 11:34:38
C3837616,F,86962.18,2016-08-31 18:31:11
C3839619,M,38640.24,2016-08-19 21:41:05
C3839725,M,10737.66,2016-09-22 11:38:33
C3839958,M,120876.87,2016-09-04 16:11:30
C3841614,M,3701.89,2016-09-14 20:02:35
C3912612,M,46656.72,2016-09-10 14:37:59
C3913630,F,27416.57,2016-08-31 19:25:19
C3914767,M,1751.02,2016-09-13 19:12:06
C3915320,M,4281.13,2016-08-20 16:46:08
C3916646,F,945840.56,2016-09-25 21:33:27
C3917368,M,335.99,2016-08-30 16:21:20
C3918460,M,46291.99,2016-09-07 15:23:04
C3920748,M,1209.52,2016-08-31 18:08:05
C3925157,M,48387.73,2016-08-31 15:50:25
C3926819,M,1208220.92,2016-09-12 18:18:19
C3929449,M,16232.84,2016-09-25 20:00:44
C3932168,M,130342.89,2016-09-09 19:06:14
C3933581,M,237607.46,2016-09-14 12:48:44
C3937962,M,26.25,2016-09-08 10:27:35
C3940669,F,11777.27,2016-08-31 18:53:44
C4014826,M,570205.4,2016-08-17 21:06:22
C4015167,M,14534.06,2016-09-07 22:53:20
C4016032,M,16496.88,2016-09-15 20:51:53
C4016325,M,13215.03,2016-09-06 15:37:03
C4017891,M,49300.39,2016-09-22 14:25:38
C4018445,F,8369.76,2016-09-26 23:06:55
C4019470,M,13739.94,2016-09-26 18:03:38
C4021562,F,319356.93,2016-09-05 16:17:18
C4023239,M,12007.63,2016-09-08 13:10:02
C4024125,F,211691.6,2016-09-14 12:24:27
C4025070,M,5962.52,2016-09-23 11:56:19
C4028365,M,1672.48,2016-09-15 18:25:48
C4030059,M,16309.9,2016-09-27 09:09:58
C4030845,M,814840.09,2016-09-18 14:57:33
C4031527,M,28070.47,2016-09-18 15:37:34
C4034378,M,22880.97,2016-09-15 19:42:51
C4035277,M,202775.91,2016-09-07 22:30:07
C4036687,F,33312.88,2016-09-26 19:48:13
C4036714,M,3705180.78,2016-09-07 17:10:53
C4036863,M,18706.74,2016-10-21 21:28:03
C4038325,F,31561.35,2016-09-03 16:02:31
C4038969,M,100078.85,2016-09-10 19:34:33
C4039076,M,296.08,2016-08-26 21:26:20
C4039744,M,1812.45,2016-08-29 23:09:34
C4112782,F,1235.99,2016-09-14 13:13:54
C4114931,M,5249.64,2016-09-15 15:21:22
C4118023,M,0.0,2016-09-25 21:04:20
C4118881,M,22425.88,2016-09-18 19:56:39
C4122353,F,101020.8,2016-09-15 19:58:43
C4123525,M,406.44,2016-09-15 22:47:50
C4123719,M,13952.73,2016-08-26 17:04:11
C4124780,M,117627.8,2016-09-22 13:41:15
C4129976,M,41407.86,2016-09-04 21:46:08
C4133116,M,47346.73,2016-09-01 15:53:17
C4135082,M,258.85,2016-09-15 15:28:50
C4135226,M,10149.17,2016-09-15 08:11:05
C4136143,F,29248.13,2016-09-01 20:47:18
C4214367,M,33576.71,2016-09-10 18:41:55
C4214592,F,33509.73,2016-09-26 21:49:39
C4214981,F,20796.05,2016-09-15 17:02:54
C4215053,M,4284.96,2016-09-11 19:48:05
C4216922,F,33029.37,2016-08-26 19:59:42
C4216967,F,4466.3,2016-09-08 23:33:44
C4218715,M,244986.44,2016-09-09 21:32:14
C4220078,M,27025.04,2016-09-03 14:30:37
C4221015,F,340858.02,2016-09-11 12:17:00
C4223065,F,3445.24,2016-09-11 10:34:32
C4226551,F,94993.06,2016-09-13 17:38:52
C4226842,F,7534.66,2016-09-13 18:15:25
C4227541,M,123.52,2016-09-27 18:06:10
C4229939,M,50156.13,2016-09-12 17:22:11
C4230420,F,16595.29,2016-09-05 17:57:01
C4230931,F,16299.66,2016-09-26 19:37:06
C4231975,M,8398.85,2016-09-26 20:55:43
C4234678,M,15323.79,2016-09-06 11:04:08
C4237957,M,55136.48,2016-08-24 13:28:26
C4238744,F,2.01,2016-09-05 11:32:28
C4239566,M,1759.25,2016-09-04 23:38:46
C4240075,M,26075.85,2016-09-14 16:11:42
C4241214,F,105060.41,2016-09-27 16:54:37
C4315972,F,43716.71,2016-09-03 17:43:59
C4319521,M,2410.86,2016-09-23 19:29:35
C4319733,F,3724.67,2016-08-31 09:57:06
C4321228,M,69988.28,2016-09-04 13:14:12
C4321730,F,120466.96,2016-09-26 17:53:06
C4324128,F,10586.03,2016-09-01 12:10:15
C4324373,M,24620.99,2016-09-13 18:45:43
C4325361,F,13019.47,2016-09-30 19:34:33
C4326555,M,2270.57,2016-09-11 09:28:29
C4326972,M,63207.57,2016-09-11 19:25:24
C4327447,M,10065.22,2016-09-26 23:05:25
C4328054,M,105757.57,2016-09-01 12:27:58
C4329946,M,6159.56,2016-09-09 20:59:02
C4330069,M,16518.78,2016-09-25 22:31:01
C4331481,M,1128.6,2016-09-09 10:01:07
C4331715,F,584546.62,2016-09-11 16:28:45
C4332391,M,19273.86,2016-09-14 20:21:52
C4333330,M,7073.67,2016-09-15 18:11:07
C4335180,M,76.31,2016-09-06 11:42:38
C4335646,M,1464.33,2016-08-23 10:09:25
C4335973,F,4968.9,2016-09-07 07:56:42
C4336419,M,113087.31,2016-09-12 20:11:17
C4336671,M,12418.47,2016-09-13 12:34:05
C4339332,M,6621.16,2016-09-07 09:56:01
C4340326,M,0.0,2016-08-29 18:23:55
C4341554,M,74.0,2016-09-12 19:34:21
C4342131,F,16749.92,2016-08-18 20:21:20
C4410186,F,44403.13,2016-09-11 12:31:18
C4411390,M,16145.34,2016-09-04 07:06:48
C4414040,F,5124.49,2016-09-13 18:29:20
C4414149,M,35002.47,2016-09-13 11:51:40
C4414465,M,1929.13,2016-09-14 20:28:36
C4416526,M,19656.05,2016-09-09 13:37:47
C4417129,M,8531.09,2016-10-21 20:01:53
C4418465,M,20740.98,2016-09-07 18:55:53
C4418630,M,60266.48,2016-09-04 13:35:15
C4420924,M,12616.84,2016-09-13 16:06:28
C4420984,M,5212.42,2016-09-30 15:29:37
C4421676,F,14878.83,2016-09-06 20:57:42
C4423377,F,17741.83,2016-09-18 10:36:23
C4423450,M,13633.23,2016-09-12 23:50:00
C4425416,F,579.87,2016-09-22 14:54:24
C4425574,M,12008.44,2016-09-27 15:51:23
C4425635,F,1213.27,2016-09-05 14:12:32
C4427348,M,91272.45,2016-09-25 20:30:00
C4428229,M,35866.49,2016-09-12 19:52:48
C4431412,F,70628.47,2016-08-23 19:15:09
C4431578,M,452.44,2016-09-30 20:12:51
C4432058,M,31788.69,2016-09-04 11:40:30
C4433222,F,13702.96,2016-09-08 19:20:59
C4435246,M,298998.47,2016-09-15 13:57:19
C4437479,M,11173.73,2016-08-19 14:22:05
C4438985,M,67459.35,2016-09-14 13:03:58
C4439929,M,8218.23,2016-09-26 21:15:55
C4442085,M,23752.89,2016-09-23 20:14:39
C4510013,M,7014.19,2016-09-26 22:24:34
C4511446,M,3506.06,2016-09-18 15:03:44
C4511554,M,80000.59,2016-08-24 14:26:56
C4512029,F,11508.14,2016-09-01 13:30:17
C4513472,F,38510.47,2016-09-18 13:06:25
C4513786,M,10020.61,2016-09-10 20:10:28
C4514246,M,14716.16,2016-09-06 10:03:18
C4515036,M,89190.87,2016-09-25 20:37:08
C4516768,F,9880.89,2016-09-27 16:47:02
C4518035,M,40356.54,2016-09-13 10:11:56
C4518067,F,30161.63,2016-09-26 22:25:02
C4518380,F,4550.68,2016-09-12 15:07:03
C4518467,M,305750.03,2016-08-26 19:50:24
C4519123,M,24396.51,2016-09-05 20:03:44
C4519565,F,3707.85,2016-09-12 18:12:16
C4519792,M,10548.58,2016-08-16 07:55:27
C4520868,M,353.67,2016-09-10 17:05:03
C4529018,F,343.19,2016-09-06 19:23:27
C4530046,M,197426.92,2016-08-28 13:33:05
C4530642,M,49.29,2016-09-22 11:19:43
C4530921,F,404836.36,2016-09-13 16:32:13
C4531117,F,2.23,2016-09-15 19:06:10
C4532654,M,44528.7,2016-09-04 20:38:23
C4537544,M,14700.88,2016-09-01 19:55:24
C4538653,M,1744.95,2016-09-12 20:36:31
C4541382,M,28137.18,2016-09-25 21:38:10
C4610167,M,18040.73,2016-09-02 03:40:00
C4610564,M,144797.84,2016-09-01 03:20:08
C4612679,M,42287.1,2016-09-10 19:43:23
C4615544,M,604376.27,2016-08-20 15:44:15
C4617239,F,11107.72,2016-09-11 18:05:52
C4618283,M,280743.47,2016-09-05 09:20:23
C4618855,F,4101.76,2016-09-06 12:13:07
C4620121,M,32555.14,2016-09-08 15:06:45
C4621985,F,2.79,2016-09-27 08:41:37
C4622115,F,1944.85,2016-09-26 22:39:20
C4623246,M,365.44,2016-09-11 23:23:26
C4625950,M,125237.51,2016-09-18 12:55:12
C4628490,F,15532.82,2016-09-02 10:42:01
C4628774,F,26930.69,2016-09-05 20:10:42
C4630475,M,448977.01,2016-09-11 20:19:09
C4631592,M,0.63,2016-09-18 15:08:37
C4636628,F,22199.75,2016-09-09 21:15:09
C4638126,M,10376.63,2016-09-27 18:59:06
C4638755,F,269857.73,2016-09-18 16:03:31
C4640859,M,18380.69,2016-09-26 20:02:01
C4710187,F,32183.57,2016-09-18 16:16:53
C4715215,M,12065.62,2016-09-26 12:41:27
C4718167,M,6497.24,2016-09-25 22:15:36
C4718864,M,22425.88,2016-09-09 20:30:08
C4720432,M,73939.25,2016-08-28 16:40:49
C4721583,M,48814.07,2016-09-13 10:00:19
C4722716,F,28951.72,2016-09-22 16:34:43
C4722768,M,6548.56,2016-09-14 11:18:58
C4724468,M,1771.03,2016-09-12 22:55:45
C4724671,M,2028.87,2016-09-13 20:00:31
C4725431,M,1711.11,2016-09-10 09:15:48
C4726686,M,11620.33,2016-09-12 08:21:26
C4729168,M,5855.09,2016-09-01 20:53:56
C4733159,F,9628.63,2016-09-12 15:44:30
C4737715,M,1323381.86,2016-09-08 22:52:24
C4738262,M,98360.94,2016-09-15 20:18:38
C4738514,M,29579.04,2016-08-30 15:11:11
C4741824,M,150419.7,2016-08-26 04:09:04
C4811719,M,5994.2,2016-09-14 23:04:03
C4814047,M,863.23,2016-09-11 17:14:31
C4814326,M,13883.67,2016-09-15 13:29:30
C4814971,M,65685.37,2016-09-11 12:11:11
C4815326,M,20561.52,2016-09-18 05:01:45
C4818426,M,5240.71,2016-09-26 15:12:48
C4818813,M,52254.74,2016-09-06 19:53:38
C4819567,M,30.21,2016-09-26 20:33:27
C4820582,F,34198.33,2016-08-21 20:58:54
C4821492,F,80656.46,2016-08-28 19:46:54
C4821843,M,23059.7,2016-09-14 10:09:48
C4822224,M,11447.01,2016-09-25 19:27:25
C4823990,M,19344.89,2016-09-05 20:58:30
C4827511,M,92.43,2016-09-14 17:25:37
C4828173,M,6382.25,2016-09-09 20:58:39
C4833280,M,10279.77,2016-10-21 19:33:18
C4833834,M,9938.68,2016-09-11 09:00:41
C4835011,M,291516.42,2016-09-13 17:04:27
C4835730,M,5352.93,2016-08-31 15:28:11
C4836168,F,6969.44,2016-09-07 17:32:41
C4838479,M,36322.31,2016-09-06 10:41:54
C4838524,M,3013.49,2016-09-26 19:21:37
C4839056,F,46243.15,2016-08-29 20:45:58
C4840278,M,1763.98,2016-09-13 18:43:56
C4841255,M,141794.81,2016-09-18 18:05:44
C4910065,M,12694.29,2016-09-10 14:15:58
C4911039,M,41927.93,2016-09-07 15:21:31
C4917867,M,459848.41,2016-09-14 10:34:24
C4919237,M,13263.45,2016-09-04 19:22:50
C4919263,M,29973.26,2016-09-12 16:15:37
C4919583,M,6617.11,2016-09-13 11:57:48
C4919754,F,5315.39,2016-09-09 15:00:39
C4919767,M,2001.61,2016-09-18 10:28:29
C4921170,M,53200.85,2016-09-02 11:23:27
C4922744,M,9626.11,2016-09-07 21:46:23
C4928487,M,92960.36,2016-09-07 20:50:03
C4929741,M,30612.5,2016-10-21 16:18:48
C4930981,M,4494.67,2016-09-15 21:18:13
C4932056,M,24426.38,2016-09-07 22:59:51
C4932932,F,5525.82,2016-09-09 18:34:48
C4934270,M,20149.54,2016-09-12 19:22:32
C4938716,M,26513.37,2016-09-11 19:01:55
C4940829,M,22302.25,2016-09-13 11:00:05
C4941462,F,25000.01,2016-09-30 19:38:47
C4941542,F,61614.35,2016-09-15 12:15:54
C4941627,M,16916.13,2016-09-08 17:59:56
C5011661,F,21924.86,2016-09-18 13:28:42
C5012968,F,84098.47,2016-09-11 11:12:01
C5013157,M,146514.68,2016-09-09 08:36:22
C5013268,M,3506.2,2016-09-11 22:02:44
C5015376,M,79470.22,2016-09-13 14:07:46
C5020140,M,11332.88,2016-09-23 20:21:17
C5023923,M,6237.93,2016-08-28 22:25:20
C5024653,M,5234.17,2016-09-11 21:09:16
C5024755,M,14910.49,2016-09-11 23:27:31
C5028025,M,11.32,2016-09-14 12:51:04
C5029091,F,278655.61,2016-10-21 21:01:56
C5033733,F,152858.85,2016-09-11 21:26:48
C5034523,F,200.26,2016-09-07 12:45:52
C5036644,M,136294.6,2016-09-01 11:36:11
C5037617,F,309153.43,2016-09-30 12:49:57
C5038914,M,94303.97,2016-09-12 09:05:06
C5042028,F,51798.79,2016-09-18 17:28:42
C5111650,M,591.62,2016-10-21 15:17:01
C5112381,M,9794.68,2016-09-26 18:54:09
C5114074,M,4794.18,2016-09-10 23:25:56
C5116018,F,31852.44,2016-09-15 21:58:39
C5116931,M,5045.68,2016-09-15 22:44:22
C5117155,M,6453.82,2016-09-01 19:21:51
C5119575,F,8691.9,2016-09-15 10:29:55
C5119966,M,5848.44,2016-09-26 20:33:45
C5120159,M,36.76,2016-09-02 17:04:58
C5121669,M,16651.92,2016-09-09 22:23:26
C5122740,M,3100.7,2016-09-15 13:50:24
C5123221,M,26789.4,2016-09-10 20:55:11
C5123637,M,111.33,2016-09-18 13:56:46
C5130043,M,75189.39,2016-09-06 10:59:41
C5130955,F,181828.38,2016-09-15 13:58:57
C5133242,M,670.99,2016-09-15 11:52:53
C5137412,F,2019.47,2016-09-15 17:13:52
C5137761,M,4784.93,2016-09-13 16:12:16
C5138157,M,239.76,2016-09-01 19:01:22
C5139129,M,2365.65,2016-08-25 21:00:37
C5140544,F,30793.8,2016-08-14 03:55:38
C5140820,M,2508.59,2016-09-10 20:27:23
C5210078,F,36988.92,2016-09-04 16:29:27
C5212066,M,2519.85,2016-09-07 10:27:04
C5212180,F,168034.54,2016-10-21 16:17:14
C5212413,M,10.53,2016-08-14 05:17:18
C5214136,F,11799.24,2016-09-07 13:29:00
C5214372,F,369686.6,2016-09-26 15:03:28
C5217167,M,260177.22,2016-09-09 10:35:36
C5219412,M,11227.27,2016-09-12 19:52:28
C5220241,F,245.65,2016-09-15 23:35:21
C5221931,M,8799.16,2016-09-15 11:51:48
C5222621,F,37863.45,2016-09-06 21:02:00
C5226786,M,87300.38,2016-09-10 22:29:50
C5227856,F,11872.56,2016-09-04 22:17:46
C5228715,M,9188.75,2016-09-10 15:07:21
C5230721,M,23192.38,2016-09-15 08:43:10
C5231591,F,111716.1,2016-09-14 17:22:19
C5235631,M,513.57,2016-09-01 15:53:17
C5236436,F,1043774.72,2016-08-30 12:34:57
C5241930,M,1696.54,2016-09-12 08:05:59
C5310654,M,29.65,2016-09-15 21:23:18
C5310721,M,17499.87,2016-08-26 20:37:29
C5311643,M,36148.88,2016-09-01 18:31:00
C5312490,M,21425.27,2016-08-31 09:38:59
C5314866,F,70053.46,2016-10-21 15:26:43
C5315563,M,1374.02,2016-09-06 19:16:45
C5317143,M,107884.6,2016-09-04 17:59:05
C5317744,M,51579.97,2016-09-13 19:01:56
C5317988,M,1555.95,2016-09-01 15:41:50
C5319251,M,24640.81,2016-09-13 23:35:17
C5320962,M,31592.33,2016-09-11 16:12:45
C5323273,M,2882.87,2016-09-30 16:05:57
C5324447,F,16161.62,2016-09-07 21:37:57
C5325052,M,22.71,2016-09-12 17:38:37
C5325111,F,9318.96,2016-09-09 21:12:18
C5325926,M,47526.13,2016-09-25 20:51:25
C5328346,M,11085.93,2016-09-13 20:53:20
C5328569,M,542973.17,2016-09-26 22:27:14
C5329880,F,63557.28,2016-09-07 20:04:06
C5329941,M,10616.61,2016-09-09 18:37:15
C5332189,M,5106.77,2016-09-09 03:04:08
C5333130,F,100513.39,2016-08-29 17:55:26
C5334129,M,2179.82,2016-09-13 18:22:57
C5335860,M,20283.88,2016-10-21 21:11:35
C5336518,M,18272.17,2016-09-15 16:51:57
C5410552,F,211294.15,2016-09-13 14:14:25
C5410642,M,69413.31,2016-09-02 10:36:41
C5411980,M,1.15,2016-09-22 08:08:48
C5413541,M,4698.86,2016-09-10 13:06:33
C5417522,M,263929.89,2016-09-01 11:40:04
C5417655,M,56226.39,2016-09-05 22:27:02
C5418253,M,18265.78,2016-08-24 22:55:55
C5420735,M,142181.03,2016-09-13 13:59:41
C5420849,F,9012.46,2016-08-11 13:15:38
C5421829,M,73972.46,2016-09-11 14:08:01
C5422143,M,5.05,2016-09-13 10:32:59
C5422373,F,40105.9,2016-09-25 21:51:09
C5422639,F,53352.19,2016-09-12 09:45:35
C5423079,M,10560.83,2016-09-22 11:07:57
C5423819,M,95924.21,2016-09-27 22:44:47
C5425064,M,29616.02,2016-08-28 02:43:47
C5425514,M,518.35,2016-09-04 09:51:16
C5426120,F,66975.93,2016-09-25 22:12:03
C5430856,F,43086.57,2016-08-29 19:53:28
C5430941,M,8177.93,2016-09-14 19:59:47
C5434612,M,7714.1,2016-09-14 14:50:05
C5434663,M,22697.16,2016-09-10 16:46:11
C5435627,F,319647.5,2016-08-23 18:49:01
C5440048,M,515.51,2016-09-14 19:19:37
C5442067,M,4340.53,2016-08-23 17:26:27
C5510763,M,58189.94,2016-09-15 19:34:37
C5510852,M,5910.96,2016-09-12 22:54:32
C5512834,F,204820.1,2016-09-18 16:36:12
C5513170,F,18590.89,2016-09-02 17:09:14
C5513879,M,5095.77,2016-08-24 22:23:20
C5513880,M,9120.6,2016-08-26 20:17:49
C5515949,M,68206.03,2016-09-25 18:57:13
C5516723,M,451317.34,2016-08-27 11:56:33
C5516919,F,491294.22,2016-09-26 19:26:38
C5517964,M,9918.79,2016-09-03 14:16:25
C5521466,F,80656.46,2016-09-13 10:48:31
C5522820,M,352295.98,2016-09-06 17:35:01
C5522991,M,48983.67,2016-09-10 14:32:36
C5525257,M,3405.68,2016-10-21 12:07:02
C5530549,M,8521.12,2016-09-05 16:19:35
C5531319,F,3821.86,2016-09-11 20:37:16
C5531731,M,25487.5,2016-09-07 19:35:20
C5533885,M,9283.45,2016-09-25 23:53:51
C5535441,M,949.09,2016-09-03 15:46:07
C5536967,M,203270.68,2016-10-21 20:14:05
C5537346,M,54315.45,2016-09-10 12:04:17
C5537659,M,51914.55,2016-09-06 13:37:18
C5538191,F,12602.0,2016-08-30 13:56:59
C5541913,F,47946.79,2016-09-09 07:39:15
C5610548,F,4931.12,2016-08-31 14:33:38
C5611155,M,4424.52,2016-09-07 20:19:16
C5615731,M,186.36,2016-09-07 16:27:50
C5617429,F,15130.12,2016-09-14 15:16:17
C5621676,M,42531.21,2016-09-11 15:34:25
C5621776,M,714.32,2016-09-06 15:01:33
C5624166,M,117560.68,2016-09-03 15:50:16
C5627843,F,8246.96,2016-09-13 14:19:32
C5628616,M,115004.5,2016-09-06 17:51:13
C5628648,M,944787.38,2016-09-14 23:07:05
C5628977,M,26171.06,2016-09-12 12:14:27
C5629015,M,224.48,2016-09-18 10:11:04
C5632478,M,14.22,2016-09-14 08:34:04
C5632538,M,980.37,2016-09-07 20:38:11
C5632773,F,19538.12,2016-09-11 14:37:27
C5636256,M,26215.14,2016-09-05 20:20:46
C5636588,M,40155.06,2016-09-25 20:18:24
C5637490,M,15459.9,2016-09-01 13:51:29
C5637790,M,267289.71,2016-09-11 19:52:44
C5711555,M,95297.08,2016-09-13 20:42:02
C5712077,F,22255.58,2016-09-15 19:32:07
C5712374,M,9871.05,2016-09-15 11:39:42
C5715626,M,2494.74,2016-09-02 13:10:49
C5718035,M,3.12,2016-09-25 21:58:44
C5718666,M,4344.79,2016-09-14 17:28:50
C5722361,F,14664.37,2016-08-18 18:38:56
C5731091,M,35155.53,2016-10-21 14:14:01
C5732457,M,14931.62,2016-08-18 22:07:26
C5733789,M,29225.01,2016-09-26 18:36:05
C5734073,F,46778.14,2016-08-18 15:03:05
C5736639,M,36646.69,2016-09-01 15:00:50
C5736777,M,16730.1,2016-09-26 22:29:03
C5738327,F,128154.86,2016-09-07 14:16:27
C5810287,M,454.63,2016-09-25 21:15:34
C5814962,M,40501.97,2016-09-09 21:00:56
C5815020,M,12031.83,2016-09-10 14:19:00
C5815219,F,4986.18,2016-08-24 16:01:44
C5817744,M,8463.38,2016-09-07 15:21:45
C5817754,M,56579.85,2016-09-27 16:37:19
C5820644,M,1484.0,2016-09-25 21:24:39
C5822137,M,6302.22,2016-09-14 20:02:48
C5823319,F,149.99,2016-09-26 19:37:04
C5823939,M,5042.48,2016-09-11 14:23:37
C5824592,M,18004.47,2016-09-08 15:48:34
C5825556,M,1473.09,2016-09-08 23:27:44
C5827114,F,35792.21,2016-09-02 22:24:03
C5828575,F,8792.07,2016-09-02 20:06:48
C5829163,F,17230.9,2016-09-22 15:19:11
C5831552,M,1563.04,2016-09-09 07:02:40
C5831752,M,49075.29,2016-09-09 12:14:05
C5833171,F,23573.67,2016-09-14 16:50:44
C5833873,F,211979.21,2016-09-14 21:45:36
C5837365,F,29144.11,2016-09-22 11:55:53
C5837653,M,7755.22,2016-09-02 21:54:49
C5838328,F,50654.73,2016-09-18 12:50:34
C5840054,F,3369.52,2016-09-13 13:28:53
C5910934,M,10758.55,2016-09-06 22:06:08
C5914038,M,2225.5,2016-08-31 10:55:42
C5914078,F,6703.63,2016-08-28 20:05:47
C5914085,M,21356.77,2016-09-04 19:33:19
C5916270,M,4042.57,2016-09-11 13:03:25
C5916611,M,401816.16,2016-08-28 14:01:00
C5916950,M,13648.43,2016-09-18 07:16:50
C5917512,M,2968.82,2016-09-02 23:23:12
C5920788,F,18564.32,2016-08-31 07:31:16
C5923071,M,10560.83,2016-08-30 19:16:40
C5923835,M,7912.43,2016-09-02 09:39:21
C5927911,M,34678.51,2016-09-07 20:00:08
C5927960,M,15020.81,2016-09-10 15:10:14
C5928228,F,6506.32,2016-09-04 13:50:40
C5928428,M,418757.21,2016-09-26 18:15:11
C5929150,M,131413.95,2016-09-18 15:53:36
C5930042,M,112596.77,2016-09-15 15:45:28
C5930741,M,18233.44,2016-09-12 11:02:22
C5930834,M,250945.7,2016-09-15 11:00:22
C5931586,M,17747.57,2016-09-06 19:48:53
C5931666,M,177.35,2016-09-13 05:31:21
C5934825,M,11637.53,2016-09-09 05:08:32
C5935668,M,702519.73,2016-09-08 04:42:42
C5937067,F,3565.46,2016-09-08 21:10:05
C5937438,F,20248.22,2016-08-17 16:48:40
C5938454,M,36322.31,2016-09-14 12:22:15
C5938921,M,299938.39,2016-08-29 21:19:37
C5939972,M,9198576.98,2016-09-03 23:34:33
C5940662,M,10.88,2016-09-05 21:02:08
C5942341,F,1212.64,2016-09-10 21:12:41
C6010519,F,157.82,2016-09-09 21:54:01
C6012364,M,221757.06,2016-09-26 22:02:08
C6013148,M,11882.64,2016-09-10 13:18:39
C6014436,M,14.97,2016-09-18 13:53:12
C6016350,M,12293.19,2016-09-18 16:17:43
C6016747,F,68248.9,2016-09-13 19:24:57
C6018470,F,73830.14,2016-09-11 08:35:52
C6027930,M,25.24,2016-09-02 15:22:52
C6029843,M,15541.1,2016-09-26 22:13:36
C6030172,F,2011.65,2016-09-01 17:43:12
C6030835,M,3931.63,2016-08-31 12:46:50
C6030948,M,85449.27,2016-09-12 18:58:05
C6031416,M,2485348.68,2016-09-10 10:03:26
C6033286,M,24037.26,2016-09-13 22:20:29
C6033531,M,237607.46,2016-09-11 23:19:59
C6036064,M,7982.3,2016-08-27 11:25:19
C6039744,M,12452.83,2016-09-18 13:43:57
C6110314,M,5988.4,2016-08-23 22:52:14
C6111466,M,478.52,2016-09-22 11:14:14
C6111775,M,6444.1,2016-08-27 13:36:05
C6112164,M,6339.14,2016-09-08 14:49:23
C6114426,F,74996.88,2016-08-20 12:08:05
C6114929,M,5495.12,2016-08-28 14:10:08
C6115535,M,9700.01,2016-09-27 15:13:28
C6116480,F,510696.71,2016-09-15 05:10:44
C6116580,M,909471.78,2016-09-14 11:57:35
C6116858,F,38.89,2016-09-15 21:12:21
C6117533,M,1218.8,2016-09-14 09:33:17
C6119016,M,49394.22,2016-09-08 12:30:49
C6119073,M,53600.23,2016-08-19 09:22:25
C6120450,M,899232.03,2016-09-12 16:40:09
C6120789,M,28497.83,2016-09-12 16:06:18
C6121669,F,10232.31,2016-09-14 14:39:19
C6124381,M,33565.59,2016-08-18 19:13:38
C6124421,M,3032.55,2016-09-12 17:59:02
C6124654,M,11090.53,2016-09-11 22:52:28
C6126822,F,233270.63,2016-09-12 12:10:36
C6128549,F,104235.16,2016-09-10 22:19:22
C6128883,F,19650.99,2016-09-09 19:38:35
C6128964,M,124450.83,2016-09-15 20:33:48
C6130730,M,87774.38,2016-08-21 18:11:12
C6131144,M,54370.7,2016-09-03 12:42:53
C6132341,M,52.64,2016-09-06 21:44:41
C6132588,M,13226.06,2016-09-09 21:49:09
C6133320,M,165705.19,2016-09-10 21:28:27
C6134874,F,31971.34,2016-09-26 16:50:46
C6139035,M,5502.87,2016-09-01 23:12:12
C6140684,M,3567.39,2016-09-09 20:04:02
C6141626,M,1450.6,2016-09-05 07:04:32
C6142344,M,31762.68,2016-09-26 19:48:49
C6210320,M,554.02,2016-09-05 13:22:56
C6210526,F,71964.27,2016-09-11 07:18:23
C6214681,M,8303.31,2016-09-25 18:36:48
C6217984,M,3009.18,2016-09-05 07:46:30
C6221080,M,15741.5,2016-09-02 02:59:35
C6221664,M,8198.1,2016-09-22 11:50:57
C6222360,M,482.98,2016-09-15 13:18:48
C6223750,M,23344.49,2016-09-07 19:11:04
C6224080,M,304106.23,2016-09-27 22:47:04
C6226130,M,19906.97,2016-08-21 18:36:25
C6226989,M,2054.48,2016-09-18 13:22:47
C6227014,M,5769.89,2016-09-15 19:14:00
C6227477,M,9472.3,2016-09-26 19:31:32
C6228192,F,16264.39,2016-09-11 18:45:01
C6228352,M,7994.1,2016-09-06 05:32:00
C6231315,M,0.78,2016-09-11 16:49:04
C6234278,F,38785.37,2016-10-21 15:03:23
C6237372,M,1020.02,2016-09-12 18:18:03
C6240665,M,24431.25,2016-08-30 15:18:55
C6242271,M,2341.72,2016-08-30 23:25:30
C6310151,M,65243.72,2016-09-23 19:32:37
C6310375,M,71746.48,2016-09-04 19:52:30
C6312859,F,,2016-09-01 23:07:47
C6313825,M,7485.85,2016-08-29 12:33:18
C6316414,F,47453.5,2016-09-03 17:06:06
C6316556,M,5461.49,2016-09-11 12:33:20
C6316921,F,13859.59,2016-09-12 16:16:40
C6317725,F,9115.96,2016-08-19 12:48:50
C6318617,M,192294.99,2016-09-15 15:13:38
C6321434,F,643719.49,2016-09-06 16:39:17
C6321712,M,8425.42,2016-09-11 09:57:20
C6321831,M,14416.9,2016-09-18 10:00:13
C6321967,F,7219.28,2016-09-08 13:01:13
C6322088,M,11767.95,2016-09-25 21:09:41
C6322339,M,40.69,2016-09-12 14:27:02
C6324851,M,132698.44,2016-09-15 12:38:37
C6326136,M,550.53,2016-09-10 20:41:51
C6327546,M,31520.88,2016-09-08 10:47:56
C6328952,F,1409.29,2016-08-25 19:28:13
C6329852,M,12904.83,2016-09-10 10:33:08
C6331068,M,24428.89,2016-09-11 20:22:43
C6332739,F,2209.27,2016-09-14 11:09:36
C6337174,F,5501.57,2016-08-31 19:16:27
C6337317,M,194.38,2016-09-26 20:24:34
C6339054,M,97764.21,2016-09-26 13:55:07
C6413090,F,154290.26,2016-09-27 17:22:30
C6414834,F,1461.47,2016-08-30 09:06:05
C6415318,M,51336.24,2016-09-01 19:56:31
C6415338,M,9663.7,2016-09-14 20:47:27
C6415535,M,570887.02,2016-09-23 12:59:51
C6416070,M,9754.38,2016-09-14 18:07:20
C6417170,M,76.08,2016-08-29 11:24:17
C6418323,F,7869.04,2016-09-09 15:33:46
C6418823,M,41908.19,2016-09-09 10:04:31
C6419265,M,60739.87,2016-09-10 12:41:00
C6419766,F,6188.76,2016-09-15 09:45:17
C6420616,F,10746.07,2016-09-26 15:26:22
C6421441,M,2744.09,2016-09-02 11:34:04
C6422352,M,48628.41,2016-09-05 10:28:28
C6423290,M,36409.61,2016-09-27 18:56:10
C6424250,M,8968.86,2016-08-21 17:53:56
C6425266,F,16453.53,2016-09-04 18:38:12
C6426431,M,16549.9,2016-09-26 21:37:44
C6428585,M,24848.57,2016-09-15 16:41:51
C6432062,F,109360.35,2016-09-15 05:26:44
C6433331,M,21653.43,2016-09-06 13:13:13
C6433636,M,2403.84,2016-08-26 11:13:22
C6434390,F,72.78,2016-09-11 21:12:41
C6434684,M,304167.64,2016-09-08 18:38:19
C6436361,M,726042.41,2016-09-12 18:25:40
C6440774,M,423033.4,2016-09-11 20:48:36
C6511856,F,38667.94,2016-09-14 21:17:00
C6513166,F,26630.03,2016-09-15 19:06:48
C6516185,M,3017.51,2016-09-14 02:09:00
C6516391,M,47782.02,2016-09-09 12:05:34
C6517449,M,223327.57,2016-09-23 20:45:10
C6518242,M,102510.36,2016-09-18 17:45:08
C6520846,M,3309.39,2016-09-04 09:38:47
C6522574,F,33152.28,2016-09-25 11:24:46
C6522879,M,1559.17,2016-09-11 18:45:55
C6525516,F,58251.62,2016-10-21 15:26:12
C6526719,M,225374.06,2016-09-18 17:16:00
C6527631,M,23826.94,2016-09-13 12:39:46
C6527819,M,7.24,2016-09-11 19:04:16
C6529956,F,17467.43,2016-09-10 13:59:17
C6531814,F,16335.73,2016-09-09 10:22:56
C6532084,M,10.9,2016-09-09 21:38:36
C6532345,M,50463.59,2016-09-14 20:38:40
C6532628,M,41.07,2016-09-11 14:13:28
C6533529,M,177157.85,2016-09-06 14:56:21
C6533662,F,38.08,2016-09-05 16:11:20
C6533864,M,2884.51,2016-09-27 07:51:54
C6535231,M,26697.57,2016-09-07 20:48:04
C6535289,F,68719.53,2016-09-18 07:57:18
C6536383,M,25419.25,2016-09-03 19:23:20
C6536656,M,55582.99,2016-09-22 12:50:41
C6538537,M,23726.04,2016-09-26 17:53:01
C6611219,M,11278.44,2016-09-03 16:30:58
C6611585,M,6580359.07,2016-09-04 05:03:17
C6612527,M,15493.38,2016-09-18 14:28:38
C6616642,F,36128.67,2016-09-14 14:59:39
C6617255,M,192.73,2016-09-03 12:03:50
C6617681,F,82219.67,2016-09-08 13:43:35
C6618716,M,9802.76,2016-09-13 12:08:40
C6619284,M,77300.5,2016-09-14 17:47:24
C6620035,M,70417.44,2016-09-07 18:55:59
C6621648,M,39912.7,2016-09-27 20:23:40
C6622780,F,147098.89,2016-09-26 22:15:25
C6623920,M,214.39,2016-08-28 19:37:24
C6624352,M,152832.32,2016-09-27 22:05:01
C6624550,M,122.83,2016-09-14 19:53:49
C6625592,M,37706.27,2016-09-14 19:54:18
C6627222,M,10119.54,2016-09-04 20:49:38
C6628455,M,13099.68,2016-09-15 13:00:14
C6630047,M,2080.3,2016-09-15 15:04:31
C6632570,M,7.79,2016-09-09 23:49:16
C6634279,M,10354.57,2016-09-27 19:36:20
C6636887,M,1049.61,2016-10-21 16:29:22
C6637239,M,16339.64,2016-09-18 12:27:33
C6637317,M,342164.56,2016-09-14 12:47:48
C6637712,M,6229.67,2016-09-11 18:17:28
C6639148,M,64389.91,2016-09-06 12:30:54
C6640432,F,0.64,2016-09-13 20:42:37
C6640718,M,3432.88,2016-09-14 17:20:24
C6640860,F,12933.12,2016-08-20 16:46:38
C6640930,F,94.83,2016-09-10 20:24:30
C6714373,M,14762.98,2016-09-14 15:54:47
C6716357,M,13453.46,2016-09-18 14:48:34
C6717533,F,24801.32,2016-09-14 16:33:30
C6718169,F,647686.52,2016-09-15 03:03:05
C6721953,M,1059939.65,2016-09-15 23:16:04
C6724291,M,52450.63,2016-08-20 11:55:43
C6725544,F,34922.07,2016-08-27 15:56:24
C6727588,F,141891.55,2016-10-21 20:15:58
C6729777,M,19025.28,2016-09-15 21:46:07
C6729879,M,1442.85,2016-08-21 15:12:58
C6733154,M,8116.93,2016-09-08 03:01:19
C6733845,M,34047.25,2016-09-14 19:45:48
C6734920,M,8510.82,2016-09-09 12:34:02
C6735477,M,12729.49,2016-09-12 07:25:44
C6735715,M,89777.85,2016-09-18 12:55:24
C6735866,M,85839.15,2016-09-18 12:40:02
C6736651,M,79356.09,2016-09-27 10:09:40
C6736987,F,36099.9,2016-09-15 11:18:02
C6740888,F,13420.99,2016-09-10 20:08:38
C6741039,M,12859.44,2016-09-11 11:20:51
C6741626,M,17218.84,2016-09-01 22:33:57
C6814917,M,10165.51,2016-09-10 18:36:21
C6817117,M,85224.77,2016-09-18 18:57:35
C6819264,F,12952.03,2016-09-15 23:24:52
C6821890,M,73032.18,2016-09-25 20:02:27
C6827847,F,22162.13,2016-08-26 12:49:35
C6830086,F,2752.07,2016-09-14 12:03:30
C6830288,M,48048.34,2016-09-23 19:42:09
C6830473,M,47804.98,2016-08-27 16:03:45
C6832534,M,3584.18,2016-09-11 16:32:17
C6832584,M,12995.08,2016-09-02 14:01:50
C6834726,M,3083.25,2016-09-10 06:09:05
C6835616,M,100851.28,2016-09-14 08:13:15
C6835939,M,670529.05,2016-09-06 13:09:13
C6835959,M,32811.97,2016-09-10 12:24:00
C6840854,F,20351.29,2016-09-08 13:08:33
C6841518,M,18738.94,2016-09-27 19:50:49
C6912290,M,55631.61,2016-09-04 14:34:51
C6912786,F,4317.35,2016-08-27 19:27:40
C6912964,F,2922.79,2016-09-14 14:58:18
C6913057,F,6617.9,2016-08-17 17:40:42
C6913674,F,6451.64,2016-09-14 21:44:33
C6914826,M,136418.5,2016-08-25 16:22:20
C6915487,F,42685.17,2016-09-13 16:05:44
C6916460,M,35207.22,2016-09-14 18:44:13
C6916964,F,27988.68,2016-09-26 17:25:49
C6916969,M,41441.61,2016-08-24 13:55:57
C6917870,M,67266.43,2016-09-04 12:34:06
C6922916,M,82.37,2016-09-06 23:59:52
C6924418,F,35787.1,2016-09-25 20:08:00
C6925234,M,305.83,2016-09-01 19:59:46
C6925331,M,1629378.7,2016-09-09 13:37:55
C6926968,F,84509.29,2016-08-29 08:32:22
C6927025,F,63.96,2016-09-27 18:35:18
C6928520,M,6808.66,2016-09-14 17:27:28
C6930117,M,16.59,2016-09-08 14:15:10
C6932481,M,10205.51,2016-09-06 19:54:36
C6933139,M,43234.53,2016-09-23 20:18:52
C6934151,M,31444.98,2016-08-30 10:28:43
C6940291,M,390265.6,2016-09-12 14:22:30
C6942655,F,26276.19,2016-09-27 16:40:12
C7010828,M,22051.3,2016-09-11 09:19:20
C7011318,M,6001.25,2016-08-27 18:40:38
C7011442,M,23739.07,2016-09-01 10:00:31
C7011634,M,52910.12,2016-09-03 10:04:39
C7011743,M,30886.74,2016-09-27 17:31:57
C7016490,F,35751.11,2016-09-09 18:07:28
C7018066,M,10408.95,2016-09-25 20:14:40
C7018169,M,47019.48,2016-09-25 23:17:33
C7019741,M,11631.51,2016-09-13 23:42:11
C7021973,M,2396.52,2016-09-12 13:54:39
C7025234,M,4986.19,2016-08-10 08:07:49
C7030480,M,47804.98,2016-09-09 16:48:40
C7030819,M,7069.13,2016-09-15 13:00:15
C7033140,F,217421.42,2016-09-10 15:37:58
C7033379,M,128827.76,2016-09-22 15:52:16
C7033977,M,22158.34,2016-09-27 15:23:05
C7034241,M,16123.27,2016-09-03 17:04:28
C7034528,M,16.25,2016-09-12 14:37:50
C7034529,M,6.31,2016-09-11 13:59:07
C7036060,M,1418.1,2016-09-10 16:11:48
C7036561,M,26885.59,2016-09-18 17:55:38
C7110821,F,31158.86,2016-08-28 12:04:10
C7111164,M,59.76,2016-09-11 18:16:13
C7114861,M,22306.08,2016-09-22 07:34:34
C7118485,F,42307.1,2016-09-08 16:57:17
C7121458,M,1336.33,2016-09-11 08:02:05
C7125247,M,8338.66,2016-09-03 15:48:46
C7126560,M,34829.84,2016-09-10 10:19:07
C7127530,M,37437.89,2016-09-13 11:10:01
C7129871,M,582117.27,2016-09-07 14:41:42
C7129986,M,11726.95,2016-09-10 03:50:49
C7134586,M,56951.98,2016-09-10 11:17:02
C7140822,M,1231.75,2016-09-14 18:36:03
C7141051,M,16243.17,2016-09-11 20:01:53
C7141938,M,75360.33,2016-09-14 12:11:14
C7142026,M,116185.02,2016-09-10 14:34:54
C7142692,F,299722.59,2016-08-17 09:30:04
C7210144,M,96110.79,2016-09-06 11:34:45
C7210652,F,38980.55,2016-09-04 13:15:29
C7211227,F,77041.64,2016-09-11 10:40:17
C7215343,M,9237.03,2016-08-30 18:18:22
C7217981,M,1882.42,2016-09-12 11:52:43
C7218261,M,109327.51,2016-09-14 19:14:54
C7218281,F,9971.83,2016-09-27 16:06:08
C7218617,M,27622.19,2016-08-31 19:45:30
C7221916,F,7173.11,2016-09-07 18:59:44
C7222861,M,22040.55,2016-09-09 17:28:01
C7223091,M,391.23,2016-09-01 11:25:01
C7226146,M,1459.9,2016-09-15 20:49:01
C7227418,M,23269.59,2016-09-01 19:38:27
C7228757,M,1062.72,2016-08-24 20:12:24
C7232539,F,158605.79,2016-09-30 14:20:27
C7234673,M,1516.32,2016-09-01 14:28:37
C7234860,F,19293.0,2016-09-12 20:43:48
C7235354,M,18514.36,2016-09-11 17:21:57
C7236029,M,6369.01,2016-09-15 20:37:01
C7236337,F,9237.18,2016-09-03 20:26:47
C7242141,F,1274.03,2016-09-13 15:04:52
C7310118,M,18613.3,2016-09-11 12:41:30
C7311559,M,2491.68,2016-09-15 14:52:33
C7315619,M,1232.69,2016-09-04 08:56:56
C7316713,F,19065.32,2016-09-25 20:25:13
C7320748,M,677.26,2016-09-11 11:26:20
C7322262,M,25709.98,2016-09-18 12:26:00
C7326026,M,89394.23,2016-09-12 19:33:39
C7329117,M,304400.81,2016-09-12 14:48:37
C7330869,M,258048.26,2016-09-02 20:49:59
C7331455,M,32101.78,2016-09-26 19:07:40
C7332728,M,138306.71,2016-09-18 14:57:05
C7335261,F,8338.24,2016-09-13 15:30:23
C7337267,M,94409.5,2016-09-07 18:10:04
C7338511,M,199620.43,2016-09-11 17:04:06
C7340113,F,13392.76,2016-09-10 17:44:28
C7410075,F,85588.74,2016-09-05 19:10:17
C7411430,M,4032.41,2016-09-12 20:44:34
C7413661,F,20343.78,2016-08-30 17:55:00
C7416469,M,149432.99,2016-09-04 21:01:20
C7416961,M,15828.78,2016-08-25 19:06:28
C7417570,F,290.38,2016-09-10 15:05:55
C7417886,M,36285.79,2016-09-08 17:50:43
C7418247,M,2052.99,2016-08-27 16:10:58
C7418827,M,22652.92,2016-09-15 11:13:17
C7419268,F,5280.71,2016-09-30 20:17:21
C7419624,M,16878.74,2016-09-04 10:09:39
C7421973,F,15867.13,2016-09-14 19:54:47
C7424647,M,62638.89,2016-09-15 21:44:27
C7425691,F,6895.16,2016-08-17 18:20:16
C7427560,F,76875.57,2016-09-10 12:17:48
C7428079,F,29474.92,2016-09-10 12:15:25
C7430686,M,17538.71,2016-09-27 20:08:14
C7431859,M,49134.38,2016-10-21 21:30:30
C7433167,M,51523.91,2016-09-06 22:27:12
C7433387,M,684.72,2016-09-14 15:23:06
C7433643,M,62.39,2016-09-12 22:03:31
C7434224,M,2.64,2016-09-15 20:51:14
C7435467,F,109.15,2016-09-13 14:13:09
C7435541,M,12128.01,2016-09-03 20:31:30
C7436159,F,3827.64,2016-09-01 20:45:23
C7439117,M,32579.38,2016-09-09 11:29:13
C7439289,M,1234122.52,2016-09-11 13:41:43
C7441687,M,16777.66,2016-09-22 15:28:42
C7513542,M,35797.71,2016-09-26 05:44:16
C7516481,M,7036.2,2016-10-21 19:33:08
C7516522,M,125252.74,2016-08-25 22:55:17
C7517665,M,70852.33,2016-09-18 11:41:57
C7519790,M,2232.42,2016-09-09 15:01:59
C7520833,M,69.43,2016-09-25 22:04:23
C7521977,M,233.41,2016-09-13 16:16:39
C7523741,M,9813.27,2016-09-02 07:18:39
C7526641,M,4794.96,2016-09-07 22:34:11
C7527036,F,21996.98,2016-09-14 19:24:08
C7529869,M,1363.71,2016-09-12 13:43:11
C7530332,M,540341.85,2016-09-09 12:38:54
C7530454,M,7059.82,2016-09-12 15:40:14
C7531590,M,2513.37,2016-09-14 11:34:16
C7532366,M,38349.04,2016-08-31 14:51:03
C7535058,F,4.52,2016-09-13 22:55:01
C7535772,M,68220.27,2016-09-11 11:06:51
C7537022,M,2567.31,2016-09-15 23:27:59
C7537344,F,9564.41,2016-09-12 09:51:37
C7537855,F,16906.19,2016-09-13 19:09:05
C7539627,M,12164.92,2016-09-26 19:19:21
C7539839,M,7567.79,2016-09-11 22:43:53
C7542653,M,550.0,2016-08-21 20:26:24
C7610568,F,389102.92,2016-09-27 19:04:56
C7610885,M,2508.67,2016-09-08 15:12:41
C7614345,M,851744.64,2016-08-20 14:52:54
C7614476,M,138222.28,2016-09-10 18:59:57
C7617262,M,71175.53,2016-09-09 16:58:42
C7620176,M,15945.6,2016-09-04 21:29:51
C7622440,M,10407.23,2016-08-27 14:03:41
C7622456,M,34762.74,2016-08-24 19:47:52
C7634555,M,24970.66,2016-08-16 22:54:04
C7634754,M,660170.57,2016-09-26 17:33:25
C7635440,F,159387.01,2016-08-31 21:30:48
C7637386,M,2025.19,2016-09-04 22:08:30
C7638455,M,235804.98,2016-09-14 22:57:14
C7640033,F,18077.54,2016-09-05 17:36:22
C7640263,M,10807.79,2016-09-18 03:03:07
C7640750,M,176555.43,2016-09-10 09:19:06
C7641043,F,912626.15,2016-09-18 19:00:57
C7710284,F,2497.73,2016-09-13 16:30:43
C7710589,M,14218.48,2016-09-10 13:55:16
C7712968,M,10122.0,2016-09-04 08:20:28
C7716241,F,105423.69,2016-09-27 15:58:35
C7718211,M,5309.93,2016-09-15 11:15:19
C7719565,M,17442.22,2016-09-26 19:47:32
C7720089,M,4039.96,2016-09-07 20:56:36
C7720547,M,15.38,2016-09-25 21:19:44
C7722828,M,156047.15,2016-09-06 20:43:09
C7724569,F,778965.38,2016-09-01 14:25:37
C7724988,M,98809.08,2016-09-09 13:12:36
C7726463,M,8850.1,2016-09-04 08:20:44
C7727828,M,123247.77,2016-08-30 22:06:49
C7729622,M,174301.26,2016-09-18 15:54:55
C7730237,M,23256.98,2016-09-02 12:16:34
C7730387,M,3905.37,2016-09-09 21:47:28
C7733020,M,2881655.03,2016-09-11 17:16:14
C7733222,M,16331.66,2016-09-12 17:15:20
C7737169,M,15202.45,2016-09-02 13:00:57
C7737612,F,58955.74,2016-09-12 12:02:31
C7738891,F,0.0,2016-09-13 12:55:41
C7740417,M,200.64,2016-09-07 20:09:20
C7810226,M,30953.84,2016-09-06 19:56:24
C7812232,M,133389.41,2016-10-21 06:53:08
C7813230,M,89231.35,2016-09-15 16:40:39
C7814266,F,43042.82,2016-09-13 14:57:34
C7814617,M,23171.3,2016-08-23 20:52:15
C7814944,M,33.22,2016-08-21 18:38:26
C7815161,M,163913.63,2016-09-10 22:47:00
C7817536,F,2295.42,2016-09-13 19:32:15
C7817677,F,26101.61,2016-10-21 20:36:24
C7818242,M,8606.98,2016-09-09 19:24:53
C7821713,M,4081.01,2016-09-15 18:35:08
C7822633,M,200200.94,2016-09-03 11:47:48
C7823376,F,7478.52,2016-09-07 20:41:59
C7824580,M,233441.54,2016-09-06 23:30:09
C7826885,F,69.15,2016-09-12 23:14:55
C7828776,M,5201.64,2016-09-13 13:53:13
C7828983,M,10207.2,2016-09-05 20:44:50
C7829350,M,5602.69,2016-09-13 18:00:52
C7829736,M,70457.79,2016-09-04 12:32:42
C7833815,F,3656.56,2016-09-12 21:26:45
C7839756,M,14459.42,2016-09-15 22:50:30
C7911569,M,48531.19,2016-09-03 19:19:36
C7914914,F,980486.88,2016-09-14 11:42:00
C7915022,M,207710.4,2016-09-05 18:31:04
C7916114,M,273395.44,2016-09-18 13:59:38
C7917850,M,35118.79,2016-09-27 08:00:50
C7919319,F,1300.2,2016-09-14 10:38:05
C7919748,M,28930.87,2016-09-10 19:10:09
C7920950,M,3591.36,2016-09-25 21:11:25
C7922635,M,25974.09,2016-09-11 20:19:02
C7924262,M,269526.05,2016-09-13 19:47:36
C7924633,M,339611.68,2016-09-27 18:27:30
C7925585,M,6983.82,2016-09-10 19:09:48
C7931081,M,1376.6,2016-09-14 08:36:50
C7931550,M,20882.11,2016-09-03 08:25:06
C7934367,M,4150.23,2016-08-31 20:35:30
C7934638,M,21383.91,2016-08-27 15:22:38
C7937084,F,163708.47,2016-09-10 20:02:38
C7939155,M,10649.46,2016-09-18 12:33:09
C7939314,F,83029.18,2016-08-28 15:25:04
C7942770,M,33269.01,2016-09-10 20:22:35
C7942838,M,5.65,2016-08-17 17:35:18
C8010028,M,161848.76,2016-09-10 14:55:29
C8011318,F,63430.82,2016-09-11 18:36:11
C8012150,F,396083.25,2016-09-05 15:52:34
C8014620,M,17.67,2016-09-01 19:11:41
C8014872,F,377895.73,2016-09-03 22:34:15
C8014973,M,6160.07,2016-09-10 13:46:31
C8015622,M,9213.02,2016-09-15 22:08:16
C8016462,M,1153235.94,2016-09-10 10:38:28
C8016935,M,23386.52,2016-09-06 20:00:53
C8019219,M,10534.72,2016-09-10 13:56:04
C8019227,F,16406.5,2016-09-22 16:30:04
C8019613,M,61018.24,2016-09-08 20:15:51
C8020854,M,27696.8,2016-09-02 14:12:18
C8021049,F,11387.97,2016-09-26 20:59:55
C8021582,M,25012.16,2016-09-08 19:05:02
C8021713,M,2417.58,2016-09-04 10:32:02
C8021963,M,11238.0,2016-09-03 21:01:20
C8022954,M,8216.44,2016-09-09 20:43:21
C8023082,M,215987.57,2016-09-11 23:40:15
C8023374,M,415.58,2016-09-14 09:37:08
C8024043,M,6.99,2016-09-15 23:32:33
C8025088,M,17906.58,2016-09-15 11:50:02
C8026126,M,6881.05,2016-09-11 17:27:11
C8028316,F,26605.17,2016-09-27 19:51:37
C8031012,M,60301.32,2016-09-05 10:44:04
C8031287,M,53978.05,2016-08-25 22:57:54
C8032476,M,14042.19,2016-09-11 18:04:49
C8033189,M,25737.62,2016-09-13 04:41:02
C8033662,M,77.8,2016-09-08 15:22:43
C8034370,M,17.16,2016-09-12 12:44:30
C8034390,M,106337.32,2016-09-22 07:15:55
C8036214,F,39383.19,2016-09-27 16:22:56
C8037616,F,6454.31,2016-09-25 19:21:38
C8038439,M,2713.63,2016-09-12 11:36:03
C8039286,M,3901.93,2016-09-08 21:46:19
C8039413,M,11.19,2016-08-27 09:40:36
C8041439,F,10117.89,2016-09-11 19:51:42
C8110582,M,11359.95,2016-08-29 20:26:04
C8112919,M,85886.58,2016-09-15 03:50:33
C8114060,F,145897.32,2016-09-06 15:28:23
C8115018,M,4426.71,2016-09-25 19:04:11
C8116331,M,13504.55,2016-09-14 20:54:01
C8117345,M,15351.88,2016-09-23 11:26:58
C8119822,M,302596.98,2016-09-08 21:16:52
C8120467,F,870643.04,2016-09-08 13:18:05
C8120651,M,20328.22,2016-09-13 21:33:08
C8120712,F,67321.33,2016-08-12 21:00:54
C8121262,F,8412.33,2016-09-04 18:21:49
C8121351,M,0.97,2016-09-22 13:38:40
C8123260,M,86.48,2016-09-14 15:50:05
C8125874,M,4847.28,2016-09-08 12:41:57
C8131538,M,10972.24,2016-09-13 10:46:09
C8131923,M,75289.08,2016-09-04 22:11:43
C8135838,F,199527.63,2016-08-24 07:21:23
C8135977,F,1546.2,2016-08-24 17:21:13
C8136588,M,2891.5,2016-09-09 12:50:50
C8136655,M,5412.56,2016-08-18 22:50:40
C8137979,M,15865.71,2016-09-18 21:02:01
C8140046,F,103637.79,2016-09-09 10:21:32
C8210748,F,47353.59,2016-09-03 12:09:01
C8213012,M,2481.44,2016-09-15 08:24:15
C8215589,F,2.69,2016-09-15 18:07:44
C8216560,M,5864.7,2016-09-08 11:42:07
C8221454,M,0.94,2016-09-15 16:24:35
C8224226,F,17535.04,2016-09-10 08:23:32
C8224929,F,133765.58,2016-09-05 20:02:40
C8225738,M,275608.36,2016-09-03 15:09:53
C8226373,M,90353.54,2016-08-31 18:06:31
C8228767,F,9743.43,2016-09-15 18:12:19
C8228937,M,266189.7,2016-09-15 13:07:25
C8230666,F,16374.52,2016-09-06 21:08:44
C8237962,F,198583.97,2016-08-19 15:47:16
C8238269,M,114939.88,2016-09-15 19:38:17
C8240878,M,69365.0,2016-09-30 21:17:26
C8310539,M,207723.59,2016-09-07 20:32:06
C8312354,M,36856.82,2016-09-11 21:22:22
C8312864,F,333386.31,2016-09-11 14:12:10
C8313663,F,4597.71,2016-09-05 19:32:36
C8313912,F,24044.77,2016-09-02 11:34:28
C8314070,F,13842.29,2016-09-04 07:36:28
C8314127,F,286742.76,2016-09-03 18:34:53
C8314869,M,6389.28,2016-08-14 21:39:11
C8315111,M,1084321.78,2016-09-01 13:34:00
C8315784,M,33417.09,2016-09-04 16:09:28
C8317887,F,427.42,2016-09-10 19:38:07
C8318876,M,11172.97,2016-09-12 16:25:52
C8319660,M,4083.94,2016-09-25 19:36:40
C8320540,M,12764.55,2016-09-10 17:22:08
C8321183,M,815969.27,2016-09-11 14:59:11
C8326936,M,37181.78,2016-09-13 22:54:35
C8327041,M,5929.65,2016-09-03 18:00:17
C8327690,M,135847.64,2016-09-04 20:51:33
C8328935,M,982.88,2016-09-12 21:27:51
C8330984,F,13059.06,2016-09-27 16:09:01
C8331443,F,3.25,2016-09-22 15:52:07
C8331463,M,15923.84,2016-09-03 14:52:46
C8331564,M,30171.86,2016-09-09 12:06:01
C8331891,M,18578.61,2016-09-14 22:11:56
C8334814,M,44130.64,2016-09-11 18:23:50
C8337245,M,6153347.84,2016-08-27 20:25:32
C8337358,M,1390.97,2016-09-05 18:01:07
C8339311,M,15352.0,2016-09-06 17:14:10
C8339848,M,10792.41,2016-09-09 19:48:19
C8342388,M,10858.95,2016-09-03 15:13:41
C8412316,M,11851.83,2016-09-01 17:29:44
C8415515,M,24039.19,2016-09-15 18:17:44
C8417277,F,28527.34,2016-09-18 17:09:33
C8417419,M,84.91,2016-09-04 18:30:21
C8418959,M,10752.52,2016-09-22 11:13:02
C8419617,M,10.44,2016-09-05 04:40:28
C8420512,M,696213.72,2016-08-22 16:06:44
C8421658,M,358.8,2016-08-17 18:31:25
C8423155,M,29303.07,2016-09-08 16:04:03
C8423826,F,44342.8,2016-08-30 22:36:16
C8423830,F,252408.66,2016-08-18 14:05:00
C8432433,F,119009.03,2016-09-14 18:17:20
C8433460,M,4184.28,2016-08-15 19:10:06
C8433656,M,15909.3,2016-08-12 19:40:28
C8435723,F,8902.86,2016-09-03 19:19:29
C8436314,M,139012.61,2016-09-02 18:08:51
C8436883,F,14393.38,2016-09-14 13:37:27
C8437370,M,12010.4,2016-09-22 13:45:01
C8437920,M,51010.74,2016-09-22 11:59:57
C8512713,M,246476.06,2016-09-18 15:27:27
C8514427,F,55347.14,2016-08-16 20:06:23
C8514562,M,103199.05,2016-09-11 11:01:35
C8514791,M,346874.28,2016-09-04 14:19:16
C8514880,F,128736.0,2016-08-24 22:17:55
C8514947,M,556100.0,2016-09-15 18:40:19
C8517144,M,8624.41,2016-08-26 22:14:41
C8517646,F,161502.41,2016-09-04 17:54:19
C8520331,M,93949.89,2016-08-26 23:41:19
C8522651,F,21268.96,2016-09-12 18:00:27
C8523275,M,4495.22,2016-09-12 10:48:19
C8526933,M,64900.05,2016-08-22 18:37:25
C8527589,M,50314.11,2016-09-05 18:36:30
C8528276,M,63223.73,2016-09-27 16:00:37
C8528877,M,509224.23,2016-09-04 19:20:15
C8528964,M,86132.28,2016-09-10 17:49:43
C8529123,M,5.48,2016-09-15 17:43:09
C8532533,M,13226.06,2016-09-15 22:14:20
C8533186,M,1901.91,2016-08-30 12:21:37
C8537157,M,449242.31,2016-09-12 11:49:37
C8537988,M,54543.74,2016-09-01 22:13:27
C8538877,M,43447.21,2016-09-18 11:21:23
C8539589,M,391126.84,2016-08-25 18:52:58
C8541673,M,7354.51,2016-09-26 17:29:14
C8610544,M,144797.84,2016-09-22 23:52:02
C8610990,M,618696.32,2016-09-26 18:55:26
C8611992,M,5175.61,2016-09-10 16:36:29
C8619451,M,4618.76,2016-09-03 19:28:07
C8620332,M,335.66,2016-09-13 19:55:13
C8623039,M,44.28,2016-09-07 21:09:40
C8625453,M,12821.16,2016-08-29 14:40:16
C8625551,M,3463.54,2016-08-21 11:46:03
C8625592,M,15575.4,2016-09-03 15:22:02
C8628638,F,933.18,2016-09-25 22:45:03
C8628668,M,5068794.99,2016-09-03 15:00:11
C8630018,F,28.04,2016-09-10 19:05:05
C8631591,M,1.7,2016-09-10 16:51:08
C8631735,M,3554.62,2016-09-09 20:30:47
C8637473,M,62383.06,2016-09-04 18:26:51
C8637664,M,165498.97,2016-09-11 10:15:14
C8638524,M,94864.34,2016-09-26 07:42:23
C8640473,M,118066.12,2016-09-04 11:42:43
C8710633,F,3286.31,2016-09-13 10:56:10
C8712651,F,2134.8,2016-09-08 20:43:44
C8715919,M,213519.66,2016-08-27 21:29:38
C8716228,M,786.76,2016-09-10 16:14:15
C8716870,M,897.73,2016-09-13 17:13:32
C8717680,M,56226.39,2016-09-12 13:09:08
C8720952,F,20295.44,2016-09-14 12:57:49
C8721077,M,438048.31,2016-09-10 17:41:57
C8721954,F,71916.47,2016-09-14 23:30:22
C8722942,M,1415.88,2016-09-25 21:53:21
C8726891,M,15025.45,2016-09-08 20:00:14
C8728220,M,19756.4,2016-09-12 16:42:39
C8729837,M,29318.57,2016-08-30 21:05:10
C8733462,F,21773.86,2016-09-18 16:21:59
C8739147,M,5952.61,2016-08-18 15:26:22
C8739317,M,32333.36,2016-09-10 15:26:48
C8740561,M,72.61,2016-09-12 10:51:33
C8741122,M,1367198.56,2016-09-13 20:27:16
C8810362,M,25200.88,2016-09-11 19:36:25
C8811284,M,10649.85,2016-09-15 10:49:43
C8812465,M,353.26,2016-09-07 16:05:00
C8815750,M,523803.47,2016-09-11 17:06:31
C8816685,M,289841.1,2016-09-03 17:31:02
C8817234,M,10168.63,2016-09-06 12:36:10
C8818221,F,70462.69,2016-09-15 20:41:12
C8818631,M,1523.91,2016-09-18 11:08:41
C8819732,M,122571.09,2016-09-10 21:13:57
C8820027,M,7368.81,2016-09-08 17:42:30
C8820182,M,920677.48,2016-09-27 16:48:00
C8823565,F,103870.54,2016-09-14 16:46:06
C8825930,F,12570.83,2016-09-18 08:37:04
C8828646,M,1012641.12,2016-09-22 09:27:32
C8829080,M,7741.27,2016-09-01 16:36:17
C8831074,M,340.3,2016-09-14 20:23:42
C8833482,M,27939.65,2016-09-26 19:22:08
C8835685,F,12986.89,2016-08-28 11:40:25
C8836624,F,122.82,2016-09-13 18:11:02
C8837051,M,14210.74,2016-08-30 11:53:29
C8838865,M,76022.84,2016-09-10 23:32:36
C8839177,M,6103.28,2016-09-11 14:14:56
C8839432,F,45567.8,2016-09-04 15:25:45
C8839789,M,111848.51,2016-09-12 10:26:59
C8840058,M,156242.66,2016-09-25 20:24:48
C8842619,M,28236.04,2016-09-03 21:06:10
C8910942,F,21211.47,2016-09-07 18:24:19
C8911880,M,22.64,2016-09-03 16:14:29
C8912529,M,47388.55,2016-09-14 11:08:17
C8912621,M,19.58,2016-08-30 10:09:24
C8913822,M,7485.85,2016-09-03 13:32:39
C8917114,M,11254.1,2016-09-07 13:18:12
C8919029,M,742.85,2016-09-11 08:16:30
C8919946,M,4484.41,2016-09-25 20:22:57
C8920038,M,342.18,2016-09-10 15:27:56
C8923827,M,11612.08,2016-09-14 17:49:52
C8926190,M,14189.6,2016-08-22 21:24:19
C8926242,M,193910.81,2016-09-12 16:16:52
C8927812,M,2.66,2016-08-14 17:10:05
C8927826,F,666777.45,2016-09-14 17:44:51
C8930315,M,226428.36,2016-09-04 16:17:38
C8936666,F,20817.8,2016-08-26 11:54:54
C8936730,M,2895.25,2016-09-04 17:54:30
C8940732,F,14082.88,2016-08-25 12:15:44
C8942123,M,165711.13,2016-09-13 17:45:58
C9011789,M,23285.65,2016-09-02 21:20:20
C9012161,F,603.98,2016-09-06 18:14:41
C9012258,M,28140.16,2016-09-14 14:06:12
C9016038,M,50379.85,2016-09-18 13:55:22
C9020864,M,14377.54,2016-09-12 11:06:50
C9021023,M,22345.72,2016-09-10 09:56:11
C9021054,M,234659.27,2016-09-02 05:55:02
C9022284,M,6706.59,2016-08-14 14:20:55
C9022742,M,12779.76,2016-09-06 20:12:25
C9024057,M,304106.23,2016-09-25 20:20:04
C9026690,M,537913.52,2016-09-04 16:28:21
C9027216,F,243735.25,2016-08-21 03:08:16
C9029664,M,4735.65,2016-09-12 03:13:59
C9029868,M,265937.11,2016-09-04 09:28:29
C9030991,M,1124474.0,2016-09-10 12:43:08
C9033982,F,34436.86,2016-09-09 21:26:07
C9034451,M,30591.82,2016-09-07 22:22:31
C9036883,M,13206.9,2016-08-22 19:53:01
C9037969,M,8074.11,2016-09-27 15:26:08
C9041014,F,20714.33,2016-09-23 19:47:16
